day,country,increased,total,cure,dead
12-01,中国,117,93664,87607,4750
12-01,美国,161568,13919870,8222879,274332
12-01,印度,31118,9462809,8889585,137621
12-01,巴西,21138,6335878,5597802,173120
12-01,俄罗斯,26046,2275936,1763493,39491
12-01,法国,4443,2275016,167913,52819
12-01,西班牙,6659,1664945,196958,45069
12-01,英国,12420,1633733,3570,58545
12-01,意大利,16376,1601554,757507,55576
12-01,阿根廷,5726,1424533,1257227,38730
12-01,哥伦比亚,8430,1316806,1210489,36766
12-01,墨西哥,6472,1113543,823586,105940
12-01,德国,6894,1069912,749219,16694
12-01,波兰,5736,990811,577514,17150
12-01,秘鲁,2162,962530,893061,35923
12-01,伊朗,13321,962070,668151,48246
12-01,南非,2302,790004,731242,21535
12-01,乌克兰,10238,752343,360360,12731
12-01,土耳其,31219,638847,404727,13746
12-01,比利时,746,577345,0,16645
12-01,伊拉克,2114,552549,482674,12258
12-01,智利,1313,551743,526604,15410
12-01,印度尼西亚,4617,538883,450518,16945
12-01,荷兰,26,531930,6947,9453
12-01,捷克,3575,523298,451607,8295
12-01,罗马尼亚,3826,475362,353188,11331
12-01,孟加拉,2525,464932,380711,6644
12-01,菲律宾,1766,431630,398658,8392
12-01,巴基斯坦,2458,400482,343286,8091
12-01,加拿大,7457,381557,304595,12147
12-01,沙特阿拉伯,232,357360,346802,5896
12-01,摩洛哥,2533,356336,305291,5846
12-01,以色列,686,336846,323749,2865
12-01,瑞士,8782,327072,250200,4815
12-01,葡萄牙,3262,298061,212942,4505
12-01,奥地利,2748,282456,221692,3184
12-01,瑞典,0,243129,4917,6681
12-01,尼泊尔,1474,233452,214521,1508
12-01,约旦,8721,219430,155026,2751
12-01,匈牙利,5595,217122,63860,4823
12-01,厄瓜多尔,568,192685,169804,13461
12-01,塞尔维亚,6224,175438,15913,1604
12-01,阿联酋,1107,168860,154899,572
12-01,巴拿马,1077,165806,144462,3079
12-01,日本,17,148962,127289,2076
12-01,保加利亚,2814,145300,50565,4035
12-01,玻利维亚,86,144708,121702,8957
12-01,多米尼加,515,143988,115219,2331
12-01,科威特,209,142635,137071,880
12-01,哥斯达黎加,2545,139638,87526,1726
12-01,卡塔尔,185,138833,136090,237
12-01,白俄罗斯,1639,136647,114341,1158
12-01,格鲁吉亚,3216,135584,113986,1267
12-01,亚美尼亚,356,135124,108442,2164
12-01,哈萨克斯坦,689,132348,116863,1990
12-01,克罗地亚,1830,128442,105199,1786
12-01,黎巴嫩,1000,127944,83034,1018
12-01,阿曼,215,123699,115216,1423
12-01,危地马拉,264,122062,110944,4171
12-01,阿塞拜疆,1959,121176,74902,1392
12-01,埃及,370,115911,102718,6650
12-01,埃塞俄比亚,540,110074,73808,1706
12-01,洪都拉斯,365,108253,48073,2918
12-01,摩尔多瓦,347,107364,95354,2304
12-01,斯洛伐克,196,105929,66041,839
12-01,希腊,1044,105271,23074,2406
12-01,委内瑞拉,354,102394,97326,897
12-01,突尼斯,518,96769,70851,3260
12-01,缅甸,1227,90713,70156,1941
12-01,波黑,527,87901,52769,2681
12-01,巴林,169,86956,85141,341
12-01,巴勒斯坦,2062,85647,64987,732
12-01,肯尼亚,302,83618,55344,1469
12-01,阿尔及利亚,978,83199,53809,2431
12-01,利比亚,379,82809,53818,1183
12-01,巴拉圭,518,82424,58453,1756
12-01,丹麦,1130,81002,64031,837
12-01,斯洛文尼亚,8,75814,54138,1435
12-01,吉尔吉斯斯坦,371,73178,64711,1275
12-01,乌兹别克斯坦,174,73094,70337,610
12-01,爱尔兰,303,72544,23364,2053
12-01,尼日利亚,145,67557,63282,1173
12-01,马来西亚,1212,65697,54759,360
12-01,北马其顿,335,61878,38946,1763
12-01,立陶宛,1132,61325,14211,506
12-01,新加坡,5,58218,58134,29
12-01,加纳,191,51667,50547,323
12-01,阿富汗,283,46498,36788,1774
12-01,萨尔瓦多,0,38405,35078,1114
12-01,阿尔巴尼亚,557,38182,18849,810
12-01,挪威,179,36150,17998,332
12-01,黑山,384,35265,24131,499
12-01,卢森堡,1269,34678,26086,321
12-01,韩国,451,34652,27885,526
12-01,澳大利亚,8,27912,25602,908
12-01,芬兰,283,24912,16800,399
12-01,喀麦隆,328,24445,22177,437
12-01,斯里兰卡,325,23987,17560,118
12-01,科特迪瓦,21,21331,20964,132
12-01,乌干达,314,20459,8989,205
12-01,苏丹,406,17810,10302,1249
12-01,赞比亚,39,17647,16998,357
12-01,马达加斯加,0,17341,16657,251
12-01,拉脱维亚,100,17075,1795,206
12-01,塞内加尔,14,16089,15607,333
12-01,莫桑比克,88,15701,13729,131
12-01,安哥拉,36,15139,7851,348
12-01,纳米比亚,35,14380,13535,151
12-01,几内亚,22,13119,12045,76
12-01,马尔代夫,17,13011,11939,46
12-01,刚果（金）,70,12772,11585,333
12-01,爱沙尼亚,256,12308,7078,118
12-01,塔吉克斯坦,39,12194,11599,86
12-01,牙买加,94,10763,6219,257
12-01,佛得角,14,10761,10329,105
12-01,博茨瓦纳,484,10742,7912,34
12-01,塞浦路斯,182,10565,2057,49
12-01,津巴布韦,84,10034,8489,277
12-01,马耳他,121,9873,7665,137
12-01,海地,22,9294,8023,233
12-01,加蓬,23,9214,9066,60
12-01,毛里塔尼亚,54,8601,7732,177
12-01,古巴,51,8284,7631,135
12-01,叙利亚,90,7887,3560,417
12-01,巴哈马,24,7541,5889,163
12-01,安道尔,33,6745,5873,76
12-01,特立尼达和多巴哥,9,6669,5771,120
12-01,斯威士兰,9,6419,6006,122
12-01,马拉维,3,6028,5455,185
12-01,卢旺达,15,5934,5516,49
12-01,乌拉圭,141,5857,4357,77
12-01,伯利兹,111,5854,3151,148
12-01,尼加拉瓜,0,5784,4225,160
12-01,刚果（布）,0,5774,4988,94
12-01,吉布提,2,5679,5584,61
12-01,圭亚那,30,5406,4392,151
12-01,冰岛,11,5392,5179,26
12-01,苏里南,0,5312,5194,117
12-01,赤道几内亚,0,5153,5009,85
12-01,中非共和国,0,4913,1924,63
12-01,马里,22,4710,3206,156
12-01,索马里,0,4451,3417,113
12-01,泰国,10,4008,3811,60
12-01,冈比亚,8,3742,3601,123
12-01,贝宁,41,3015,2839,43
12-01,多哥,12,2974,2478,64
12-01,布基纳法索,30,2886,2593,68
12-01,几内亚比绍,19,2441,2327,44
12-01,塞拉利昂,1,2412,1836,74
12-01,也门,14,2191,1510,619
12-01,莱索托,0,2109,1278,44
12-01,新西兰,3,2059,1962,25
12-01,乍得,6,1688,1525,101
12-01,圣马力诺,26,1612,1299,46
12-01,利比里亚,0,1595,1343,83
12-01,尼日尔,32,1548,1210,72
12-01,越南,1,1347,1179,35
12-01,列支敦士登公国,17,1270,1088,16
12-01,蒙古,10,801,358,0
12-01,钻石号邮轮,0,712,659,13
12-01,布隆迪,7,688,575,1
12-01,巴布亚新几内亚,10,656,597,7
12-01,科摩罗,0,611,586,7
12-01,摩纳哥,1,609,556,3
12-01,厄立特里亚,0,577,498,0
12-01,坦桑尼亚,0,509,183,21
12-01,毛里求斯,3,504,456,10
12-01,不丹,14,410,381,0
12-01,柬埔寨,3,326,304,0
12-01,巴巴多斯,1,276,250,7
12-01,圣卢西亚,2,259,131,2
12-01,塞舌尔,10,183,162,0
12-01,文莱,0,150,145,3
12-01,安提瓜和巴布达,0,141,130,4
12-01,圣文森特和格林纳丁斯,0,85,79,0
12-01,多米尼克,0,85,63,0
12-01,斐济,4,42,33,2
12-01,格林纳达,0,41,30,0
12-01,老挝,0,39,26,0
12-01,马提尼克岛,5,37,0,1
12-01,东帝汶,0,30,30,0
12-01,梵蒂冈,0,27,15,0
12-01,圣基茨和尼维斯,0,22,19,0
12-01,所罗门群岛,0,17,5,0
12-01,马绍尔群岛,0,4,1,0
12-01,瓦努阿图,0,1,0,0
12-02,中国,92,93756,87621,4750
12-02,美国,182172,14108490,8333018,276976
12-02,印度,31118,9462809,8889585,137621
12-02,巴西,50909,6386787,5712305,173817
12-02,俄罗斯,26126,2302062,1787962,40050
12-02,法国,413,2275429,167915,52821
12-02,西班牙,8257,1673202,196958,45511
12-02,英国,13486,1647230,3589,59148
12-02,意大利,19347,1620901,784595,56361
12-02,阿根廷,8037,1432570,1263251,38928
12-02,哥伦比亚,7986,1324792,1217647,36934
12-02,墨西哥,8819,1122362,829817,106765
12-02,德国,9129,1085765,767591,16897
12-02,波兰,9113,999924,597589,17599
12-02,伊朗,13881,975951,677963,48628
12-02,秘鲁,1075,963605,893061,35966
12-02,南非,2295,792299,732531,21644
12-02,乌克兰,12774,765117,370677,12962
12-02,土耳其,30110,668957,409320,13936
12-02,比利时,746,577345,33687,16645
12-02,伊拉克,2218,554767,484570,12306
12-02,智利,1121,552864,528034,15430
12-02,印度尼西亚,5092,543975,454879,17081
12-02,荷兰,151,536129,7017,9518
12-02,捷克,5176,528474,455177,8407
12-02,罗马尼亚,4272,479634,360934,11530
12-02,孟加拉,2293,467225,383224,6675
12-02,菲律宾,1295,432925,398782,8418
12-02,巴基斯坦,2458,400482,343286,8091
12-02,加拿大,5141,387052,309557,12229
12-02,摩洛哥,3508,359844,310193,5915
12-02,沙特阿拉伯,263,357623,347176,5907
12-02,以色列,705,338127,324449,2877
12-02,瑞士,3802,330874,250200,4940
12-02,葡萄牙,2401,300462,220877,4577
12-02,奥地利,3033,285489,227497,3325
12-02,瑞典,17629,260758,4917,6798
12-02,尼泊尔,0,233452,216594,1529
12-02,约旦,4187,223617,162959,2802
12-02,匈牙利,3951,221073,64802,4977
12-02,厄瓜多尔,988,193673,169804,13501
12-02,塞尔维亚,7999,183437,15913,1652
12-02,阿联酋,1289,170149,155667,576
12-02,巴拿马,1505,167311,145518,3098
12-02,日本,2031,150976,125304,2109
12-02,保加利亚,3475,148775,53000,4188
12-02,玻利维亚,102,144810,122495,8963
12-02,多米尼加,314,144302,115530,2333
12-02,科威特,357,142992,137625,881
12-02,哥斯达黎加,534,140172,87721,1731
12-02,格鲁吉亚,3759,139343,117560,1303
12-02,卡塔尔,353,139001,136306,238
12-02,白俄罗斯,3211,138219,115587,1166
12-02,亚美尼亚,843,135967,110365,2193
12-02,哈萨克斯坦,689,132348,116863,1990
12-02,克罗地亚,2900,131342,108231,1861
12-02,黎巴嫩,1511,129455,83034,1033
12-02,阿塞拜疆,6385,125602,76897,1433
12-02,阿曼,209,123908,115441,1430
12-02,危地马拉,712,122774,111574,4178
12-02,埃及,392,116303,102816,6666
12-02,埃塞俄比亚,480,110554,74917,1709
12-02,摩尔多瓦,1499,108863,95918,2323
12-02,洪都拉斯,365,108253,48073,2918
12-02,希腊,2199,107470,23074,2517
12-02,斯洛伐克,1254,107183,68859,868
12-02,委内瑞拉,354,102394,97326,897
12-02,突尼斯,518,96769,70851,3260
12-02,缅甸,1476,92189,71343,1972
12-02,波黑,1184,89085,53724,2727
12-02,巴勒斯坦,2357,88004,65938,747
12-02,巴林,181,87137,85357,341
12-02,肯尼亚,551,84169,55610,1474
12-02,阿尔及利亚,953,84152,54405,2447
12-02,巴拉圭,1055,83479,58949,1771
12-02,利比亚,608,83417,54209,1196
12-02,丹麦,1468,82470,65275,846
12-02,斯洛文尼亚,29,77135,55476,1490
12-02,吉尔吉斯斯坦,371,73178,64711,1275
12-02,乌兹别克斯坦,225,73145,70337,610
12-02,爱尔兰,254,72798,23364,2069
12-02,尼日利亚,281,67838,63430,1176
12-02,马来西亚,1472,67169,56311,363
12-02,北马其顿,1067,62945,40188,1792
12-02,立陶宛,1190,62515,15077,519
12-02,新加坡,10,58228,58139,29
12-02,加纳,0,51667,50547,323
12-02,阿富汗,219,46717,36907,1797
12-02,萨尔瓦多,725,39130,35839,1120
12-02,阿尔巴尼亚,832,39014,19384,822
12-02,挪威,273,36591,17998,334
12-02,黑山,584,35849,24637,504
12-02,韩国,511,35163,28065,526
12-02,卢森堡,451,35129,26156,330
12-02,澳大利亚,9,27921,25605,908
12-02,芬兰,550,25462,16800,399
12-02,斯里兰卡,545,24532,17817,122
12-02,喀麦隆,42,24487,22177,441
12-02,科特迪瓦,3,21334,20981,132
12-02,乌干达,576,21035,9044,205
12-02,苏丹,235,18045,10369,1255
12-02,拉脱维亚,612,17687,1806,210
12-02,赞比亚,18,17665,17059,357
12-02,马达加斯加,0,17341,16657,251
12-02,塞内加尔,18,16107,15627,333
12-02,莫桑比克,69,15770,13778,131
12-02,安哥拉,112,15251,7932,350
12-02,纳米比亚,36,14416,13600,151
12-02,几内亚,22,13119,12045,76
12-02,马尔代夫,38,13049,11968,47
12-02,刚果（金）,87,12859,11663,335
12-02,爱沙尼亚,189,12497,7536,121
12-02,塔吉克斯坦,37,12231,11640,86
12-02,塞浦路斯,318,10883,2057,49
12-02,佛得角,55,10816,10366,106
12-02,牙买加,47,10810,6364,258
12-02,博茨瓦纳,484,10742,7912,34
12-02,津巴布韦,95,10129,8643,277
12-02,马耳他,102,9975,7748,141
12-02,海地,2,9296,8023,233
12-02,加蓬,23,9214,9066,60
12-02,毛里塔尼亚,109,8710,7764,177
12-02,古巴,97,8381,7658,136
12-02,叙利亚,86,7973,3624,422
12-02,巴哈马,2,7543,5934,163
12-02,安道尔,45,6790,5940,76
12-02,特立尼达和多巴哥,16,6685,5807,120
12-02,斯威士兰,23,6442,6017,122
12-02,马拉维,3,6028,5465,185
12-02,乌拉圭,167,6024,4483,78
12-02,卢旺达,14,5948,5544,49
12-02,伯利兹,111,5854,3151,148
12-02,尼加拉瓜,54,5838,4225,161
12-02,刚果（布）,0,5774,4988,94
12-02,吉布提,1,5680,5587,61
12-02,圭亚那,17,5423,4436,151
12-02,冰岛,21,5413,5187,27
12-02,苏里南,7,5319,5197,117
12-02,赤道几内亚,3,5156,5009,85
12-02,中非共和国,5,4918,1924,63
12-02,马里,52,4762,3241,160
12-02,索马里,0,4451,3417,113
12-02,泰国,10,4008,3811,60
12-02,冈比亚,1,3743,3607,123
12-02,贝宁,0,3015,2839,43
12-02,多哥,23,2997,2515,64
12-02,布基纳法索,45,2931,2644,68
12-02,几内亚比绍,19,2441,2327,44
12-02,塞拉利昂,1,2413,1838,74
12-02,也门,6,2197,1514,619
12-02,莱索托,28,2137,1278,44
12-02,新西兰,1,2060,1963,25
12-02,乍得,12,1700,1532,102
12-02,圣马力诺,38,1650,1334,46
12-02,利比里亚,0,1595,1343,83
12-02,尼日尔,38,1586,1219,75
12-02,越南,5,1351,1195,35
12-02,列支敦士登公国,16,1286,1110,16
12-02,蒙古,10,801,358,0
12-02,钻石号邮轮,0,712,659,13
12-02,布隆迪,8,689,575,1
12-02,巴布亚新几内亚,10,656,597,7
12-02,摩纳哥,8,617,559,3
12-02,科摩罗,2,613,586,7
12-02,厄立特里亚,0,577,498,0
12-02,坦桑尼亚,0,509,183,21
12-02,毛里求斯,1,505,463,10
12-02,不丹,14,410,381,0
12-02,柬埔寨,3,326,304,0
12-02,巴巴多斯,2,278,255,7
12-02,圣卢西亚,2,259,138,2
12-02,塞舌尔,10,183,162,0
12-02,文莱,1,151,145,3
12-02,安提瓜和巴布达,1,142,130,4
12-02,圣文森特和格林纳丁斯,0,85,80,0
12-02,多米尼克,0,85,63,0
12-02,斐济,0,42,33,2
12-02,格林纳达,0,41,30,0
12-02,老挝,0,39,26,0
12-02,马提尼克岛,5,37,0,1
12-02,东帝汶,0,30,30,0
12-02,梵蒂冈,0,27,15,0
12-02,圣基茨和尼维斯,0,22,19,0
12-02,所罗门群岛,0,17,5,0
12-02,马绍尔群岛,0,4,1,0
12-02,瓦努阿图,0,1,0,0
12-03,中国,133,93889,87708,4751
12-03,美国,203427,14313941,8462347,279865
12-03,印度,35551,9534964,8973373,138648
12-03,巴西,49863,6436650,5759294,174515
12-03,俄罗斯,27829,2354934,1843526,41173
12-03,法国,14064,2275520,167915,52821
12-03,西班牙,9331,1682533,196958,45784
12-03,英国,16236,1663471,3621,59796
12-03,意大利,20709,1641610,823335,57045
12-03,阿根廷,7533,1440103,1268358,39156
12-03,哥伦比亚,9297,1334089,1225635,37117
12-03,墨西哥,11251,1133613,836567,107565
12-03,德国,21135,1117953,795216,17718
12-03,波兰,14863,1028610,646560,18828
12-03,伊朗,13922,1003494,699315,49348
12-03,秘鲁,1075,963605,899213,35966
12-03,南非,4173,796472,734305,21709
12-03,乌克兰,14812,793372,400751,13394
12-03,土耳其,31923,700880,414141,14129
12-03,比利时,3040,582252,33687,16911
12-03,伊拉克,4000,558767,487863,12361
12-03,印度尼西亚,8369,557877,462553,17355
12-03,智利,1034,553898,529501,15438
12-03,荷兰,5816,546866,7070,9645
12-03,捷克,4568,533042,461599,8515
12-03,罗马尼亚,7661,492211,381001,11876
12-03,孟加拉,2316,471739,388379,6748
12-03,菲律宾,1056,435413,399325,8446
12-03,巴基斯坦,3499,406810,346951,8205
12-03,加拿大,6413,393506,314529,12342
12-03,摩洛哥,4346,364190,314237,5985
12-03,沙特阿拉伯,230,358102,347881,5930
12-03,以色列,1676,340424,325874,2890
12-03,瑞士,4455,340115,257600,5142
12-03,葡萄牙,3384,303846,223446,4645
12-03,奥地利,3969,293430,238127,3538
12-03,瑞典,6485,272643,4917,7007
12-03,尼泊尔,1343,237589,220272,1551
12-03,匈牙利,6635,231844,67033,5324
12-03,约旦,3591,227208,168429,2854
12-03,塞尔维亚,7802,199158,15913,1765
12-03,厄瓜多尔,1203,194876,169804,13562
12-03,哈萨克斯坦,777,176342,148732,2436
12-03,阿联酋,1317,172751,157035,585
12-03,巴拿马,2028,169339,146576,3114
12-03,日本,2516,155919,129085,2174
12-03,保加利亚,3138,151913,55206,4347
12-03,格鲁吉亚,4260,147636,124568,1387
12-03,多米尼加,895,145197,115611,2334
12-03,玻利维亚,184,144994,123673,8972
12-03,科威特,314,143574,138674,884
12-03,白俄罗斯,1701,141609,118924,1181
12-03,哥斯达黎加,1168,141340,88226,1739
12-03,卡塔尔,221,139477,136741,239
12-03,克罗地亚,4534,139415,113509,1964
12-03,亚美尼亚,1277,138508,113228,2254
12-03,阿塞拜疆,4189,133733,81234,1510
12-03,黎巴嫩,1842,131297,83034,1055
12-03,阿曼,184,124329,115866,1435
12-03,危地马拉,1398,123460,112181,4191
12-03,埃及,421,116724,102949,6694
12-03,斯洛伐克,1982,111208,74273,930
12-03,埃塞俄比亚,430,110984,76067,1715
12-03,摩尔多瓦,1717,110580,96711,2343
12-03,希腊,2185,109655,23074,2606
12-03,洪都拉斯,891,109144,48877,2930
12-03,委内瑞拉,446,103067,98030,905
12-03,突尼斯,1208,99280,73607,3359
12-03,缅甸,1411,93600,73748,2028
12-03,巴勒斯坦,2516,92708,68250,780
12-03,波黑,1161,91539,56050,2812
12-03,巴林,133,87270,85463,341
12-03,丹麦,1605,85661,67934,858
12-03,肯尼亚,961,85130,56464,1484
12-03,阿尔及利亚,932,85084,54990,2464
12-03,利比亚,762,84849,55304,1212
12-03,巴拉圭,1003,84482,59465,1783
12-03,斯洛文尼亚,1775,81338,59469,1592
12-03,吉尔吉斯斯坦,420,73933,65589,1281
12-03,乌兹别克斯坦,96,73431,70712,611
12-03,爱尔兰,268,73066,23364,2074
12-03,马来西亚,1075,69095,57917,376
12-03,尼日利亚,122,67960,63839,1177
12-03,北马其顿,945,63890,40977,1825
12-03,立陶宛,0,62515,15077,519
12-03,新加坡,9,58239,58144,29
12-03,加纳,0,51667,50547,323
12-03,阿富汗,263,46718,37218,1841
12-03,阿尔巴尼亚,705,39719,19912,839
12-03,萨尔瓦多,0,39130,35839,1134
12-03,挪威,378,36969,17998,353
12-03,黑山,502,36351,25409,510
12-03,卢森堡,673,35802,26497,334
12-03,韩国,540,35703,28352,529
12-03,澳大利亚,16,27939,25618,908
12-03,芬兰,540,26422,18100,408
12-03,斯里兰卡,878,25760,19032,124
12-03,喀麦隆,42,24487,22177,441
12-03,乌干达,374,21409,9044,206
12-03,科特迪瓦,27,21361,21010,132
12-03,拉脱维亚,930,19307,1848,235
12-03,苏丹,209,18254,10493,1265
12-03,赞比亚,30,17730,17102,357
12-03,马达加斯加,0,17341,16657,251
12-03,塞内加尔,44,16217,15697,335
12-03,莫桑比克,96,15866,14014,132
12-03,安哥拉,68,15319,8139,351
12-03,纳米比亚,61,14477,13697,151
12-03,爱沙尼亚,450,13469,8182,123
12-03,几内亚,24,13167,12204,76
12-03,马尔代夫,21,13070,12001,47
12-03,刚果（金）,128,12987,11694,336
12-03,塔吉克斯坦,38,12269,11677,87
12-03,塞浦路斯,292,11175,2057,52
12-03,佛得角,51,10867,10422,106
12-03,牙买加,101,10864,6500,258
12-03,博茨瓦纳,0,10742,7912,34
12-03,马耳他,96,10197,8015,148
12-03,津巴布韦,95,10129,8643,277
12-03,海地,17,9313,8091,233
12-03,加蓬,25,9239,9089,60
12-03,毛里塔尼亚,153,8863,7780,179
12-03,古巴,75,8456,7714,136
12-03,叙利亚,86,8059,3689,426
12-03,巴哈马,2,7543,5934,163
12-03,安道尔,52,6842,5988,76
12-03,特立尼达和多巴哥,19,6704,5843,121
12-03,斯威士兰,13,6455,6032,122
12-03,乌拉圭,201,6225,4584,80
12-03,马拉维,12,6040,5471,185
12-03,卢旺达,46,5994,5575,50
12-03,伯利兹,0,5854,3151,148
12-03,尼加拉瓜,54,5838,4225,161
12-03,刚果（布）,0,5774,4988,94
12-03,吉布提,2,5682,5587,61
12-03,圭亚那,26,5449,4530,151
12-03,冰岛,35,5448,5216,27
12-03,苏里南,1,5320,5200,117
12-03,赤道几内亚,3,5156,5009,85
12-03,中非共和国,5,4918,1924,63
12-03,马里,75,4837,3263,161
12-03,索马里,74,4525,3480,121
12-03,泰国,13,4039,3832,60
12-03,冈比亚,22,3765,3609,123
12-03,贝宁,40,3055,2839,44
12-03,多哥,17,3014,2543,65
12-03,布基纳法索,79,3010,2667,68
12-03,几内亚比绍,0,2441,2327,44
12-03,塞拉利昂,3,2416,1838,74
12-03,也门,20,2217,1518,621
12-03,莱索托,8,2145,1278,44
12-03,新西兰,9,2069,1974,25
12-03,圣马力诺,64,1714,1356,46
12-03,乍得,5,1705,1539,102
12-03,尼日尔,54,1640,1227,76
12-03,利比里亚,0,1595,1343,83
12-03,越南,3,1361,1209,35
12-03,列支敦士登公国,21,1339,1169,17
12-03,蒙古,7,819,365,0
12-03,钻石号邮轮,0,712,659,13
12-03,布隆迪,0,689,575,1
12-03,巴布亚新几内亚,13,669,597,7
12-03,摩纳哥,4,621,563,3
12-03,科摩罗,2,613,586,7
12-03,厄立特里亚,0,577,498,0
12-03,坦桑尼亚,0,509,183,21
12-03,毛里求斯,3,508,465,10
12-03,不丹,1,415,386,0
12-03,柬埔寨,2,331,304,0
12-03,巴巴多斯,1,279,255,7
12-03,圣卢西亚,2,261,141,2
12-03,塞舌尔,0,183,162,0
12-03,文莱,0,151,145,3
12-03,安提瓜和巴布达,2,144,133,4
12-03,多米尼克,0,85,63,0
12-03,圣文森特和格林纳丁斯,0,85,80,0
12-03,斐济,0,42,33,2
12-03,格林纳达,0,41,30,0
12-03,老挝,0,39,26,0
12-03,马提尼克岛,5,37,0,1
12-03,东帝汶,1,31,30,0
12-03,梵蒂冈,0,27,15,0
12-03,圣基茨和尼维斯,0,22,19,0
12-03,所罗门群岛,0,17,5,0
12-03,马绍尔群岛,0,4,1,0
12-03,瓦努阿图,0,1,0,0
12-04,中国,134,94023,87761,4753
12-04,美国,26472,14561668,8569650,283224
12-04,印度,36595,9571559,9016289,139188
12-04,巴西,50434,6487084,5792539,175270
12-04,俄罗斯,27078,2382012,1872214,41730
12-04,法国,34594,2310271,172574,54231
12-04,西班牙,6104,1693591,196958,46038
12-04,英国,14952,1678423,3632,60210
12-04,意大利,23219,1664829,846809,58038
12-04,阿根廷,7629,1447732,1274675,39305
12-04,哥伦比亚,9233,1343322,1233115,37305
12-04,德国,27491,1145645,819735,18135
12-04,墨西哥,11030,1144643,843231,108173
12-04,波兰,13236,1041846,666413,19359
12-04,伊朗,13341,1016835,708106,49695
12-04,秘鲁,3470,967075,901544,36076
12-04,乌克兰,15456,808828,414347,13641
12-04,南非,4400,800872,739367,21803
12-04,土耳其,32381,733261,418331,14316
12-04,比利时,2605,584857,33687,17033
12-04,印度尼西亚,5803,563680,466178,17479
12-04,伊拉克,1855,560622,489772,12387
12-04,智利,3237,557135,531543,15558
12-04,荷兰,5990,552856,7129,9703
12-04,捷克,4621,537663,468302,8641
12-04,罗马尼亚,8062,500273,390212,12052
12-04,孟加拉,2252,473991,390951,6772
12-04,菲律宾,932,436345,399345,8509
12-04,巴基斯坦,3262,410072,350305,8260
12-04,加拿大,6207,400229,319591,12430
12-04,摩洛哥,4434,368624,318987,6063
12-04,沙特阿拉伯,234,358336,348238,5940
12-04,瑞士,4382,344497,260600,5243
12-04,以色列,1336,341760,326966,2896
12-04,葡萄牙,3772,307618,229018,4724
12-04,奥地利,3815,297245,243775,3651
12-04,瑞典,6269,278912,4917,7067
12-04,尼泊尔,1272,238861,221847,1567
12-04,匈牙利,6212,238056,68525,5513
12-04,约旦,4029,231237,177195,2960
12-04,塞尔维亚,7782,206940,15913,1834
12-04,厄瓜多尔,1008,195884,169804,13612
12-04,哈萨克斯坦,1044,177386,149435,2482
12-04,阿联酋,1311,174062,157828,586
12-04,巴拿马,1880,171219,148396,3141
12-04,日本,2459,158387,131020,2210
12-04,保加利亚,3280,155193,57141,4503
12-04,格鲁吉亚,5068,152704,126904,1425
12-04,多米尼加,812,146009,115992,2335
12-04,玻利维亚,192,145186,124015,8982
12-04,科威特,343,143917,139148,886
12-04,白俄罗斯,1774,143383,120571,1190
12-04,克罗地亚,3955,143370,117148,2032
12-04,哥斯达黎加,1165,142505,91424,1757
12-04,亚美尼亚,1184,139692,114990,2277
12-04,卡塔尔,166,139643,136872,239
12-04,阿塞拜疆,4267,138000,83800,1551
12-04,黎巴嫩,1520,132817,84142,1067
12-04,阿曼,184,124329,115866,1435
12-04,危地马拉,593,124053,113273,4224
12-04,埃及,432,117156,103082,6713
12-04,斯洛伐克,2184,113392,77142,957
12-04,摩尔多瓦,1727,112307,97549,2363
12-04,埃塞俄比亚,595,111579,77385,1724
12-04,希腊,1882,111537,23074,2706
12-04,洪都拉斯,616,109760,48953,2938
12-04,委内瑞拉,481,103548,98521,909
12-04,突尼斯,1208,99280,73607,3359
12-04,缅甸,1502,96520,74973,2059
12-04,巴勒斯坦,1968,94676,70206,797
12-04,波黑,1254,92793,57545,2865
12-04,巴林,162,87432,85598,341
12-04,丹麦,1605,87266,69150,867
12-04,肯尼亚,1253,86383,67788,1500
12-04,阿尔及利亚,843,85927,55538,2480
12-04,利比亚,680,85529,56048,1219
12-04,巴拉圭,995,85477,60086,1796
12-04,斯洛文尼亚,11,81349,59469,1592
12-04,吉尔吉斯斯坦,440,74373,66113,1285
12-04,乌兹别克斯坦,161,73592,70861,611
12-04,爱尔兰,162,73228,23364,2080
12-04,马来西亚,1141,70236,59061,376
12-04,立陶宛,7067,69582,27760,590
12-04,尼日利亚,343,68303,64291,1179
12-04,北马其顿,1341,65231,41656,1847
12-04,新加坡,3,58242,58152,29
12-04,加纳,0,51667,50547,323
12-04,阿富汗,119,46837,37260,1846
12-04,阿尔巴尼亚,782,40501,20974,870
12-04,萨尔瓦多,588,39718,36286,1142
12-04,挪威,235,37371,17998,354
12-04,黑山,581,36932,25866,516
12-04,卢森堡,627,36429,27356,339
12-04,韩国,629,36332,28611,536
12-04,澳大利亚,10,27949,25630,908
12-04,芬兰,336,26758,18100,408
12-04,斯里兰卡,278,26038,19438,129
12-04,喀麦隆,0,24487,22177,441
12-04,乌干达,203,21612,9110,206
12-04,科特迪瓦,28,21389,21022,132
12-04,拉脱维亚,686,19993,1849,242
12-04,苏丹,281,18535,10672,1271
12-04,赞比亚,30,17730,17102,357
12-04,马达加斯加,172,17513,16657,255
12-04,塞内加尔,80,16297,15707,336
12-04,莫桑比克,52,15918,14030,132
12-04,安哥拉,42,15361,8244,352
12-04,纳米比亚,122,14599,13774,151
12-04,爱沙尼亚,470,13939,8549,125
12-04,几内亚,19,13186,12270,76
12-04,刚果（金）,145,13132,11753,337
12-04,马尔代夫,36,13106,12154,47
12-04,塔吉克斯坦,39,12308,11718,87
12-04,博茨瓦纳,789,11531,8978,34
12-04,塞浦路斯,348,11523,2057,54
12-04,佛得角,71,10938,10454,107
12-04,牙买加,47,10911,6730,260
12-04,津巴布韦,295,10424,8754,280
12-04,马耳他,123,10320,8120,149
12-04,海地,18,9331,8114,233
12-04,加蓬,25,9239,9089,60
12-04,毛里塔尼亚,142,9005,7785,181
12-04,古巴,75,8531,7770,136
12-04,叙利亚,88,8147,3748,432
12-04,巴哈马,6,7549,5934,163
12-04,伯利兹,1382,7236,3571,164
12-04,安道尔,62,6904,6066,77
12-04,特立尼达和多巴哥,21,6725,5861,121
12-04,斯威士兰,19,6474,6044,122
12-04,乌拉圭,230,6455,4707,80
12-04,马拉维,3,6043,5472,185
12-04,卢旺达,17,6011,5596,50
12-04,尼加拉瓜,0,5838,4225,161
12-04,刚果（布）,0,5774,4988,94
12-04,吉布提,7,5689,5591,61
12-04,圭亚那,79,5528,4618,151
12-04,冰岛,14,5462,5223,27
12-04,苏里南,2,5322,5203,117
12-04,赤道几内亚,3,5159,5023,85
12-04,中非共和国,0,4918,1924,63
12-04,马里,43,4880,3281,162
12-04,索马里,0,4525,3480,121
12-04,泰国,14,4053,3839,60
12-04,冈比亚,2,3767,3610,123
12-04,布基纳法索,52,3062,2679,68
12-04,贝宁,40,3055,2907,44
12-04,多哥,25,3039,2567,65
12-04,几内亚比绍,0,2441,2327,44
12-04,塞拉利昂,3,2416,1840,74
12-04,也门,22,2239,1525,624
12-04,莱索托,8,2145,1278,44
12-04,新西兰,9,2069,1983,25
12-04,圣马力诺,64,1714,1356,46
12-04,乍得,3,1708,1539,102
12-04,利比里亚,68,1663,1358,83
12-04,尼日尔,54,1640,1227,76
12-04,越南,3,1361,1220,35
12-04,列支敦士登公国,12,1351,1183,17
12-04,蒙古,12,831,365,0
12-04,钻石号邮轮,0,712,699,13
12-04,布隆迪,3,692,575,1
12-04,巴布亚新几内亚,2,671,597,7
12-04,摩纳哥,9,630,570,3
12-04,科摩罗,2,615,590,7
12-04,厄立特里亚,17,594,498,0
12-04,坦桑尼亚,0,509,183,21
12-04,毛里求斯,3,508,465,10
12-04,不丹,3,418,386,0
12-04,柬埔寨,4,335,304,0
12-04,巴巴多斯,2,281,257,7
12-04,圣卢西亚,1,262,141,2
12-04,塞舌尔,1,184,168,0
12-04,文莱,0,151,146,3
12-04,安提瓜和巴布达,2,144,133,4
12-04,圣文森特和格林纳丁斯,2,87,80,0
12-04,多米尼克,0,85,63,0
12-04,斐济,2,44,33,2
12-04,格林纳达,0,41,30,0
12-04,老挝,0,39,26,0
12-04,马提尼克岛,5,37,0,1
12-04,东帝汶,1,31,30,0
12-04,梵蒂冈,0,27,15,0
12-04,圣基茨和尼维斯,0,22,19,0
12-04,所罗门群岛,0,17,5,0
12-04,马绍尔群岛,0,4,4,0
12-04,瓦努阿图,0,1,1,0
12-05,中国,119,94142,87824,4753
12-05,美国,235272,14772535,8658882,285550
12-05,印度,36652,9608211,9058822,139700
12-05,巴西,46884,6533968,5825745,175964
12-05,俄罗斯,28450,2410462,1899474,42228
12-05,法国,11432,2321703,173986,54859
12-05,西班牙,5554,1699145,196958,46252
12-05,英国,16383,1694806,3648,60714
12-05,意大利,24110,1688939,872385,58852
12-05,阿根廷,6899,1454631,1281955,39512
12-05,哥伦比亚,9285,1352607,1240990,37467
12-05,德国,14020,1159665,836708,18619
12-05,墨西哥,12127,1156770,852719,108863
12-05,波兰,12427,1054273,687910,19861
12-05,伊朗,12151,1028986,719708,50016
12-05,秘鲁,3785,970860,903958,36195
12-05,乌克兰,14157,822985,429455,13877
12-05,南非,4932,805804,740450,21963
12-05,土耳其,32736,765997,423142,14509
12-05,比利时,2582,587439,33687,17142
12-05,印度尼西亚,6027,569707,470449,17589
12-05,伊拉克,1898,562520,491657,12411
12-05,荷兰,6705,559561,7203,9743
12-05,智利,3237,557135,533250,15592
12-05,捷克,4743,542406,473994,8738
12-05,罗马尼亚,8072,508345,399207,12186
12-05,孟加拉,1798,475789,393408,6807
12-05,菲律宾,1724,438069,399582,8526
12-05,巴基斯坦,3119,413191,352529,8303
12-05,加拿大,5960,406189,324802,12519
12-05,摩洛哥,3996,372620,323814,6136
12-05,沙特阿拉伯,190,358526,348562,5954
12-05,瑞士,4382,344497,260600,5314
12-05,以色列,341,342101,327162,2896
12-05,葡萄牙,4935,312553,234038,4803
12-05,奥地利,3444,300689,249441,3757
12-05,瑞典,6269,278912,4917,7067
12-05,匈牙利,5525,243581,70396,5706
12-05,尼泊尔,1024,239885,224053,1577
12-05,约旦,3116,234353,177195,2960
12-05,塞尔维亚,7782,206940,15913,1891
12-05,厄瓜多尔,598,196482,169804,13696
12-05,哈萨克斯坦,992,178378,150271,2484
12-05,阿联酋,1214,175276,158498,589
12-05,巴拿马,2388,173607,150051,3154
12-05,日本,2472,160859,133287,2218
12-05,保加利亚,3614,158807,59677,4650
12-05,格鲁吉亚,5450,158154,129210,1462
12-05,克罗地亚,4084,147454,120857,2102
12-05,多米尼加,671,146680,116169,2343
12-05,玻利维亚,139,145325,124390,8987
12-05,白俄罗斯,1896,145279,122339,1198
12-05,科威特,343,143917,139148,886
12-05,哥斯达黎加,1180,143685,95789,1773
12-05,阿塞拜疆,4323,142323,85980,1593
12-05,亚美尼亚,1267,140959,116066,2309
12-05,卡塔尔,140,139783,137060,239
12-05,黎巴嫩,1478,134295,86019,1078
12-05,危地马拉,752,124805,113273,4224
12-05,阿曼,0,124329,115866,1435
12-05,埃及,427,117583,103191,6732
12-05,斯洛伐克,2070,115462,79956,981
12-05,摩尔多瓦,1522,113829,98276,2384
12-05,希腊,1648,113185,23074,2804
12-05,埃塞俄比亚,512,112091,78619,1734
12-05,洪都拉斯,616,109760,48953,2938
12-05,委内瑞拉,329,103877,98879,913
12-05,突尼斯,2620,101900,75464,3481
12-05,缅甸,1527,98047,76382,2081
12-05,巴勒斯坦,1422,96098,71236,812
12-05,波黑,975,93768,58034,2922
12-05,丹麦,2115,89381,70387,878
12-05,巴林,168,87600,85710,341
12-05,肯尼亚,866,87249,68110,1506
12-05,阿尔及利亚,803,86730,56079,2492
12-05,巴拉圭,1022,86499,60644,1813
12-05,利比亚,680,85529,56048,1219
12-05,斯洛文尼亚,3426,84775,62600,1700
12-05,吉尔吉斯斯坦,401,74774,66538,1290
12-05,乌兹别克斯坦,159,73751,71002,611
12-05,爱尔兰,263,73491,23364,2086
12-05,立陶宛,2848,72430,30277,611
12-05,马来西亚,1123,71359,60204,380
12-05,尼日利亚,324,68627,64467,1179
12-05,北马其顿,1099,66330,42241,1877
12-05,新加坡,13,58255,58152,29
12-05,加纳,429,52096,50924,325
12-05,阿富汗,235,47072,37393,1864
12-05,阿尔巴尼亚,801,41302,20974,870
12-05,萨尔瓦多,588,39718,36286,1153
12-05,挪威,430,37801,17998,354
12-05,黑山,535,37467,26414,522
12-05,卢森堡,588,37017,28029,345
12-05,韩国,583,36915,28917,540
12-05,澳大利亚,7,27956,25636,908
12-05,芬兰,460,27218,18100,415
12-05,斯里兰卡,1022,27060,20090,130
12-05,喀麦隆,265,24752,23344,443
12-05,乌干达,286,21898,9117,206
12-05,科特迪瓦,23,21412,21054,132
12-05,拉脱维亚,794,20787,1866,253
12-05,苏丹,661,19196,10942,1290
12-05,赞比亚,127,17857,17145,364
12-05,马达加斯加,172,17513,16657,255
12-05,塞内加尔,100,16397,15731,337
12-05,莫桑比克,120,16038,14160,133
12-05,安哥拉,132,15493,8299,353
12-05,纳米比亚,351,14950,13908,152
12-05,爱沙尼亚,561,14500,8919,126
12-05,刚果（金）,149,13281,11753,337
12-05,几内亚,19,13186,12270,76
12-05,马尔代夫,37,13143,12199,47
12-05,塔吉克斯坦,81,12389,11796,87
12-05,塞浦路斯,289,11812,2057,57
12-05,博茨瓦纳,789,11531,8978,34
12-05,佛得角,58,10996,10496,108
12-05,牙买加,76,10987,6730,260
12-05,津巴布韦,123,10547,8802,281
12-05,马耳他,103,10423,8289,149
12-05,海地,16,9347,8124,233
12-05,加蓬,15,9254,9106,60
12-05,毛里塔尼亚,176,9181,7812,182
12-05,古巴,79,8610,7858,136
12-05,叙利亚,86,8233,3811,437
12-05,巴哈马,16,7565,5976,163
12-05,伯利兹,147,7383,3725,170
12-05,安道尔,51,6955,6130,77
12-05,特立尼达和多巴哥,10,6735,5884,121
12-05,乌拉圭,276,6731,4826,80
12-05,斯威士兰,6,6480,6066,122
12-05,马拉维,4,6047,5472,185
12-05,卢旺达,32,6043,5672,51
12-05,尼加拉瓜,0,5838,4225,161
12-05,刚果（布）,0,5774,4988,94
12-05,吉布提,1,5690,5592,61
12-05,圭亚那,73,5601,4695,151
12-05,冰岛,14,5476,5253,27
12-05,苏里南,2,5322,5205,117
12-05,赤道几内亚,3,5159,5023,85
12-05,马里,58,4938,3307,163
12-05,中非共和国,0,4918,1924,63
12-05,索马里,0,4525,3480,121
12-05,泰国,19,4072,3848,60
12-05,冈比亚,1,3768,3613,123
12-05,布基纳法索,29,3091,2687,68
12-05,贝宁,0,3055,2907,44
12-05,多哥,12,3051,2599,65
12-05,几内亚比绍,0,2441,2327,44
12-05,塞拉利昂,4,2420,1842,74
12-05,也门,28,2267,1534,627
12-05,莱索托,5,2150,1278,44
12-05,新西兰,9,2078,1994,25
12-05,圣马力诺,75,1789,1412,48
12-05,尼日尔,86,1726,1237,77
12-05,乍得,11,1719,1555,102
12-05,利比里亚,13,1676,1358,83
12-05,列支敦士登公国,27,1378,1183,17
12-05,越南,4,1365,1220,35
12-05,蒙古,11,842,368,0
12-05,钻石号邮轮,0,712,699,13
12-05,布隆迪,3,692,575,1
12-05,巴布亚新几内亚,2,671,597,7
12-05,厄立特里亚,38,632,508,0
12-05,摩纳哥,9,630,571,3
12-05,科摩罗,2,615,590,7
12-05,坦桑尼亚,0,509,183,21
12-05,毛里求斯,0,508,465,10
12-05,不丹,6,424,387,0
12-05,柬埔寨,10,345,305,0
12-05,巴巴多斯,3,284,257,7
12-05,圣卢西亚,1,262,141,2
12-05,塞舌尔,1,184,168,0
12-05,文莱,0,151,146,3
12-05,安提瓜和巴布达,0,144,133,4
12-05,圣文森特和格林纳丁斯,2,87,80,0
12-05,多米尼克,0,85,72,0
12-05,斐济,2,44,33,2
12-05,格林纳达,0,41,39,0
12-05,老挝,0,39,26,0
12-05,马提尼克岛,5,37,0,1
12-05,东帝汶,0,31,30,0
12-05,梵蒂冈,0,27,15,0
12-05,圣基茨和尼维斯,0,22,19,0
12-05,所罗门群岛,0,17,5,0
12-05,马绍尔群岛,0,4,4,0
12-05,瓦努阿图,0,1,1,0
12-06,中国,136,94278,87893,4753
12-06,美国,208790,14983425,8787738,287825
12-06,印度,36011,9644222,9100792,140182
12-06,巴西,43209,6577177,5864838,176628
12-06,俄罗斯,28701,2439163,1920744,42675
12-06,法国,12923,2334626,174992,55073
12-06,英国,15578,1710384,3660,61111
12-06,意大利,21052,1709991,896308,59514
12-06,西班牙,5554,1699145,196958,46252
12-06,阿根廷,5201,1459832,1288785,39632
12-06,哥伦比亚,9642,1362249,1249702,37633
12-06,德国,23787,1183640,852628,18856
12-06,墨西哥,11625,1168395,859643,109456
12-06,波兰,9176,1063449,706720,20089
12-06,伊朗,11561,1040547,730798,50310
12-06,秘鲁,1828,972688,905696,36231
12-06,乌克兰,11928,834913,435575,14054
12-06,南非,4645,810449,744298,22067
12-06,土耳其,31896,797893,427242,14705
12-06,比利时,2503,589942,33687,17254
12-06,印度尼西亚,6089,575796,474771,17740
12-06,荷兰,6934,566495,7266,9768
12-06,伊拉克,1680,564200,493567,12432
12-06,智利,1533,558668,534789,15628
12-06,捷克,3318,545724,476685,8838
12-06,罗马尼亚,5231,513576,405612,12320
12-06,孟加拉,1756,477545,395960,6838
12-06,菲律宾,1765,439834,408634,8554
12-06,巴基斯坦,3308,416499,355012,8361
12-06,加拿大,6354,412543,329676,12607
12-06,摩洛哥,4118,376738,327693,6184
12-06,沙特阿拉伯,187,358713,348879,5965
12-06,瑞士,0,344497,260600,5344
12-06,以色列,2127,344228,327972,2916
12-06,葡萄牙,6087,318640,240203,4876
12-06,奥地利,2741,303430,252765,3840
12-06,瑞典,0,278912,4917,7067
12-06,匈牙利,6697,250278,71682,5868
12-06,尼泊尔,1096,240981,225805,1594
12-06,约旦,6276,237513,182463,3010
12-06,塞尔维亚,6903,213843,0,1949
12-06,厄瓜多尔,909,197391,169804,13756
12-06,哈萨克斯坦,966,179344,151134,2488
12-06,阿联酋,1153,176429,159132,592
12-06,巴拿马,2300,175907,151247,3173
12-06,日本,2024,162894,135121,2259
12-06,格鲁吉亚,4321,162475,133511,1504
12-06,保加利亚,2037,160844,60673,4729
12-06,克罗地亚,2899,150353,124439,2174
12-06,多米尼加,975,147655,116329,2345
12-06,白俄罗斯,1878,147157,124774,1207
12-06,阿塞拜疆,4356,146679,88497,1632
12-06,玻利维亚,167,145492,124596,8992
12-06,科威特,452,144369,140035,891
12-06,哥斯达黎加,1180,143685,95789,1773
12-06,亚美尼亚,978,141937,116796,2326
12-06,卡塔尔,125,139908,137276,239
12-06,黎巴嫩,1581,135876,88096,1090
12-06,危地马拉,1299,125352,113870,4239
12-06,阿曼,557,124886,116354,1444
12-06,埃及,431,118014,103324,6750
12-06,斯洛伐克,1269,116731,82666,996
12-06,摩尔多瓦,1728,115557,99606,2403
12-06,希腊,1383,114568,23074,2902
12-06,埃塞俄比亚,649,112740,79579,1745
12-06,洪都拉斯,200,109960,49096,2941
12-06,委内瑞拉,300,104177,98879,916
12-06,突尼斯,1091,102991,76441,3526
12-06,缅甸,1108,99155,77636,2110
12-06,巴勒斯坦,1940,98038,72773,828
12-06,波黑,739,94507,58625,2952
12-06,丹麦,1750,91131,71395,885
12-06,肯尼亚,735,87984,68532,1518
12-06,巴林,132,87732,85876,341
12-06,阿尔及利亚,772,87502,56617,2501
12-06,巴拉圭,714,87213,61283,1833
12-06,利比亚,1051,86580,56702,1231
12-06,斯洛文尼亚,1030,85805,63580,1744
12-06,吉尔吉斯斯坦,199,74973,66993,1295
12-06,立陶宛,2219,74649,30390,626
12-06,爱尔兰,457,73948,23364,2099
12-06,乌兹别克斯坦,153,73904,71173,611
12-06,马来西亚,1335,72694,61273,382
12-06,尼日利亚,310,68937,64650,1180
12-06,北马其顿,981,67311,42872,1901
12-06,新加坡,5,58260,58158,29
12-06,加纳,102,52198,51019,325
12-06,阿富汗,234,47306,37685,1874
12-06,阿尔巴尼亚,1647,42148,21286,889
12-06,萨尔瓦多,413,40131,36525,1159
12-06,挪威,112,38073,17998,354
12-06,黑山,412,37879,26809,530
12-06,韩国,631,37546,29128,545
12-06,卢森堡,588,37017,28029,345
12-06,澳大利亚,9,27965,25639,908
12-06,芬兰,413,27631,18100,415
12-06,斯里兰卡,362,27590,20460,137
12-06,喀麦隆,265,24752,23344,443
12-06,乌干达,290,22188,9117,206
12-06,科特迪瓦,29,21441,21090,132
12-06,拉脱维亚,526,21313,1866,262
12-06,苏丹,661,19196,10942,1290
12-06,赞比亚,59,17916,17173,364
12-06,马达加斯加,0,17513,16927,255
12-06,塞内加尔,80,16477,15776,338
12-06,莫桑比克,95,16133,14343,133
12-06,安哥拉,43,15536,8335,354
12-06,爱沙尼亚,478,14978,8959,131
12-06,纳米比亚,351,14950,13908,152
12-06,刚果（金）,132,13413,11857,342
12-06,几内亚,47,13233,12355,76
12-06,马尔代夫,16,13159,12264,47
12-06,塔吉克斯坦,39,12428,11833,87
12-06,塞浦路斯,369,12181,2057,57
12-06,博茨瓦纳,0,11531,8978,34
12-06,牙买加,152,11063,6866,261
12-06,佛得角,40,11036,10541,109
12-06,津巴布韦,70,10617,8844,291
12-06,马耳他,97,10520,8396,151
12-06,海地,23,9370,8146,233
12-06,毛里塔尼亚,178,9359,7835,184
12-06,加蓬,15,9254,9106,60
12-06,古巴,104,8714,7909,136
12-06,叙利亚,87,8320,3879,442
12-06,伯利兹,218,7601,3752,172
12-06,巴哈马,5,7570,5995,163
12-06,安道尔,50,7005,6171,78
12-06,乌拉圭,234,6965,4946,81
12-06,特立尼达和多巴哥,16,6751,5907,122
12-06,斯威士兰,15,6495,6078,122
12-06,卢旺达,41,6084,5696,51
12-06,马拉维,2,6049,5476,185
12-06,尼加拉瓜,0,5838,4225,161
12-06,刚果（布）,0,5774,4988,94
12-06,吉布提,11,5701,5593,61
12-06,圭亚那,36,5637,4733,151
12-06,冰岛,6,5482,5269,27
12-06,苏里南,2,5324,5207,117
12-06,赤道几内亚,0,5159,5023,85
12-06,马里,124,5062,3334,163
12-06,中非共和国,4,4922,1924,63
12-06,索马里,0,4525,3480,121
12-06,泰国,14,4086,3853,60
12-06,冈比亚,2,3770,3615,123
12-06,布基纳法索,65,3156,2697,68
12-06,多哥,34,3085,2624,65
12-06,贝宁,0,3055,2907,44
12-06,几内亚比绍,0,2441,2327,44
12-06,塞拉利昂,4,2420,1843,74
12-06,也门,37,2304,1547,633
12-06,莱索托,5,2150,1278,44
12-06,新西兰,9,2078,1997,25
12-06,尼日尔,63,1789,1237,77
12-06,圣马力诺,75,1789,1412,48
12-06,乍得,3,1722,1561,102
12-06,利比里亚,13,1676,1358,83
12-06,列支敦士登公国,18,1396,1183,17
12-06,越南,1,1366,1220,35
12-06,蒙古,7,849,384,0
12-06,钻石号邮轮,0,712,699,13
12-06,布隆迪,2,694,575,1
12-06,巴布亚新几内亚,0,671,597,7
12-06,摩纳哥,7,637,572,3
12-06,厄立特里亚,38,632,508,0
12-06,科摩罗,1,616,600,7
12-06,坦桑尼亚,0,509,183,21
12-06,毛里求斯,0,508,465,10
12-06,不丹,2,426,387,0
12-06,柬埔寨,1,346,306,0
12-06,巴巴多斯,1,285,260,7
12-06,圣卢西亚,3,265,158,2
12-06,塞舌尔,0,184,168,0
12-06,文莱,0,151,147,3
12-06,安提瓜和巴布达,0,144,133,4
12-06,圣文森特和格林纳丁斯,0,87,80,0
12-06,多米尼克,0,85,72,0
12-06,斐济,0,44,33,2
12-06,格林纳达,0,41,39,0
12-06,老挝,0,39,26,0
12-06,马提尼克岛,5,37,0,1
12-06,东帝汶,0,31,30,0
12-06,梵蒂冈,0,27,15,0
12-06,圣基茨和尼维斯,3,25,20,0
12-06,所罗门群岛,0,17,5,0
12-06,马绍尔群岛,0,4,4,0
12-06,瓦努阿图,0,1,1,0
12-07,中国,95,94373,87966,4753
12-07,美国,173861,15159529,8855593,288906
12-07,印度,32981,9677203,9139901,140573
12-07,巴西,26363,6603540,5866657,176941
12-07,俄罗斯,27798,2466961,1939393,43122
12-07,法国,11022,2345648,175220,55247
12-07,意大利,18887,1728878,913494,60078
12-07,英国,17371,1727755,3736,61342
12-07,西班牙,5554,1699145,196958,46252
12-07,阿根廷,3278,1463110,1294692,39770
12-07,哥伦比亚,8854,1371103,1257410,37808
12-07,德国,10910,1194550,868310,19000
12-07,墨西哥,7455,1175850,866186,109717
12-07,波兰,4421,1067870,722446,20181
12-07,伊朗,10827,1051374,742955,50594
12-07,秘鲁,1224,973912,907654,36274
12-07,乌克兰,8985,843898,440899,14208
12-07,土耳其,30402,828295,431253,14900
12-07,南非,4116,814565,744780,22206
12-07,比利时,1814,591756,33687,17320
12-07,印度尼西亚,5754,581550,479202,17867
12-07,荷兰,7202,573697,7300,9785
12-07,伊拉克,1680,564200,493567,12432
12-07,智利,1714,560382,534789,15628
12-07,捷克,1109,546833,478094,8902
12-07,罗马尼亚,3660,517236,409121,12447
12-07,孟加拉,2198,479743,398623,6874
12-07,菲律宾,1565,441399,408702,8572
12-07,巴基斯坦,3795,420294,356542,8398
12-07,加拿大,6305,418848,334375,12688
12-07,摩洛哥,2919,379657,331301,6245
12-07,沙特阿拉伯,209,358922,349168,5977
12-07,瑞士,9809,354306,260600,5422
12-07,以色列,1433,345661,329586,2917
12-07,葡萄牙,9921,322474,243055,4963
12-07,奥地利,2263,305693,256811,3897
12-07,瑞典,0,278912,4917,7067
12-07,匈牙利,3870,254148,74283,5984
12-07,尼泊尔,1014,241995,227433,1614
12-07,约旦,2576,240089,187444,3056
12-07,塞尔维亚,5809,219652,15913,1949
12-07,厄瓜多尔,607,197998,174188,13778
12-07,哈萨克斯坦,745,180089,151755,2488
12-07,巴拿马,1812,177719,152890,3193
12-07,阿联酋,1148,177577,159711,594
12-07,格鲁吉亚,2501,164976,137499,1540
12-07,日本,1505,164400,136747,2298
12-07,保加利亚,577,161421,62246,4797
12-07,克罗地亚,1886,152239,127882,2233
12-07,白俄罗斯,1796,148953,126084,1215
12-07,多米尼加,798,148453,116873,2345
12-07,阿塞拜疆,4356,146679,88497,1632
12-07,玻利维亚,68,145560,124799,8995
12-07,科威特,230,144599,140341,897
12-07,哥斯达黎加,0,143685,95789,1773
12-07,亚美尼亚,407,142344,117649,2344
12-07,卡塔尔,125,139908,137276,239
12-07,黎巴嫩,1236,137112,90229,1099
12-07,危地马拉,198,125550,114315,4250
12-07,阿曼,229,125115,116506,1452
12-07,埃及,418,118432,103501,6771
12-07,斯洛伐克,552,117283,84850,1018
12-07,摩尔多瓦,808,116365,101244,2419
12-07,希腊,903,115471,23074,3003
12-07,埃塞俄比亚,555,113295,80831,1747
12-07,洪都拉斯,1063,111023,49456,2946
12-07,委内瑞拉,265,104442,99494,919
12-07,突尼斯,1011,104002,76441,3561
12-07,巴勒斯坦,1720,99758,74053,848
12-07,缅甸,1108,99155,77636,2110
12-07,波黑,739,94507,58625,2952
12-07,丹麦,2046,93177,72401,894
12-07,肯尼亚,396,88380,68929,1526
12-07,阿尔及利亚,750,88252,57146,2516
12-07,巴林,198,87930,86030,341
12-07,巴拉圭,707,87920,61948,1853
12-07,利比亚,517,87097,57380,1243
12-07,斯洛文尼亚,480,86285,63999,1796
12-07,立陶宛,1387,76036,30449,637
12-07,吉尔吉斯斯坦,422,75395,67400,1297
12-07,马来西亚,1600,74294,62306,384
12-07,爱尔兰,298,74246,23364,2099
12-07,乌兹别克斯坦,149,74053,71315,611
12-07,尼日利亚,318,69255,64774,1180
12-07,北马其顿,657,67968,43646,1924
12-07,新加坡,13,58273,58160,29
12-07,加纳,76,52274,51063,325
12-07,阿富汗,210,47516,37879,1900
12-07,阿尔巴尼亚,840,42988,21617,905
12-07,萨尔瓦多,413,40131,36525,1164
12-07,挪威,123,38323,17998,359
12-07,黑山,367,38246,26999,533
12-07,韩国,615,38161,29301,549
12-07,卢森堡,0,37017,28029,345
12-07,斯里兰卡,613,28203,20804,140
12-07,澳大利亚,7,27972,25643,908
12-07,芬兰,250,27881,18100,415
12-07,喀麦隆,0,24752,23344,443
12-07,乌干达,311,22499,9175,206
12-07,拉脱维亚,207,21520,1866,272
12-07,科特迪瓦,44,21485,21109,132
12-07,苏丹,272,19468,11021,1295
12-07,赞比亚,15,17931,17211,364
12-07,马达加斯加,0,17513,16927,255
12-07,塞内加尔,76,16553,15806,340
12-07,莫桑比克,111,16244,14416,133
12-07,安哥拉,55,15591,8338,354
12-07,爱沙尼亚,248,15226,9009,134
12-07,纳米比亚,128,15078,13939,152
12-07,刚果（金）,114,13527,11947,344
12-07,几内亚,47,13233,12355,76
12-07,马尔代夫,39,13198,12321,47
12-07,塞浦路斯,270,12451,2057,61
12-07,塔吉克斯坦,39,12428,11833,87
12-07,博茨瓦纳,0,11531,8978,34
12-07,牙买加,57,11120,6998,265
12-07,佛得角,27,11063,10596,109
12-07,津巴布韦,101,10718,8880,291
12-07,马耳他,139,10659,8497,155
12-07,毛里塔尼亚,157,9516,7849,188
12-07,海地,23,9370,8146,233
12-07,加蓬,0,9254,9106,60
12-07,古巴,68,8782,7963,136
12-07,叙利亚,83,8403,3943,447
12-07,伯利兹,168,7769,3849,173
12-07,巴哈马,5,7570,5995,163
12-07,乌拉圭,338,7303,5062,82
12-07,安道尔,45,7050,6238,78
12-07,特立尼达和多巴哥,16,6767,5937,122
12-07,斯威士兰,6,6501,6090,122
12-07,卢旺达,45,6129,5696,51
12-07,马拉维,2,6051,5476,185
12-07,尼加拉瓜,0,5838,4225,161
12-07,刚果（布）,0,5774,4988,94
12-07,吉布提,11,5701,5593,61
12-07,圭亚那,28,5665,4759,153
12-07,冰岛,14,5496,5272,27
12-07,苏里南,2,5324,5210,117
12-07,赤道几内亚,7,5166,5036,85
12-07,马里,73,5135,3369,164
12-07,中非共和国,4,4922,1924,63
12-07,索马里,0,4525,3480,121
12-07,泰国,21,4107,3868,60
12-07,冈比亚,2,3770,3615,123
12-07,布基纳法索,56,3212,2711,68
12-07,多哥,10,3095,2653,65
12-07,贝宁,18,3073,2922,44
12-07,几内亚比绍,0,2441,2327,44
12-07,塞拉利昂,6,2426,1846,74
12-07,也门,70,2337,1549,639
12-07,莱索托,0,2150,1278,44
12-07,新西兰,1,2079,1998,25
12-07,尼日尔,67,1856,1237,77
12-07,圣马力诺,0,1789,1412,48
12-07,乍得,3,1725,1564,102
12-07,利比里亚,0,1676,1358,83
12-07,列支敦士登公国,1,1397,1235,19
12-07,越南,1,1367,1224,35
12-07,蒙古,38,887,384,0
12-07,钻石号邮轮,0,712,699,13
12-07,布隆迪,2,694,575,1
12-07,巴布亚新几内亚,0,671,597,7
12-07,摩纳哥,1,638,574,3
12-07,厄立特里亚,0,632,508,0
12-07,科摩罗,0,616,600,7
12-07,坦桑尼亚,0,509,183,21
12-07,毛里求斯,0,508,465,10
12-07,不丹,4,430,388,0
12-07,柬埔寨,2,348,306,0
12-07,巴巴多斯,1,285,260,7
12-07,圣卢西亚,3,265,158,2
12-07,塞舌尔,0,184,168,0
12-07,文莱,0,151,147,3
12-07,安提瓜和巴布达,2,146,134,4
12-07,圣文森特和格林纳丁斯,0,87,80,0
12-07,多米尼克,0,85,72,0
12-07,斐济,0,44,33,2
12-07,格林纳达,2,43,41,0
12-07,老挝,2,41,26,0
12-07,马提尼克岛,5,37,0,1
12-07,东帝汶,0,31,30,0
12-07,梵蒂冈,0,27,15,0
12-07,圣基茨和尼维斯,3,25,20,0
12-07,所罗门群岛,0,17,5,0
12-07,马绍尔群岛,0,4,4,0
12-07,瓦努阿图,0,1,1,0
12-08,中国,116,94489,88056,4753
12-08,美国,12793,15383380,8994191,291016
12-08,印度,26567,9703770,9178946,140958
12-08,巴西,20371,6623911,5897526,177317
12-08,俄罗斯,25752,2492713,1963864,43674
12-08,法国,3411,2349059,175919,55613
12-08,意大利,13679,1742557,933132,60606
12-08,英国,14773,1742528,3761,61531
12-08,西班牙,6255,1715700,196958,46646
12-08,阿根廷,3199,1466309,1300696,39888
12-08,哥伦比亚,5997,1377100,1267595,37995
12-08,德国,14931,1209481,891357,19576
12-08,墨西哥,6399,1182249,873555,110074
12-08,波兰,8310,1076180,738845,20592
12-08,伊朗,11023,1062397,754224,50917
12-08,秘鲁,1224,973912,909389,36274
12-08,土耳其,32137,860432,436270,15103
12-08,乌克兰,11156,855054,454226,14413
12-08,南非,3313,817878,745750,22249
12-08,比利时,859,592615,33687,17386
12-08,印度尼西亚,5292,586842,483497,18000
12-08,荷兰,6204,579901,7342,9857
12-08,伊拉克,2123,568138,498064,12477
12-08,智利,3152,563534,537727,15680
12-08,捷克,4237,551070,484781,9036
12-08,罗马尼亚,7439,524675,416797,12660
12-08,孟加拉,2202,481945,401194,6906
12-08,菲律宾,1386,442785,408790,8670
12-08,加拿大,7715,426629,344527,12797
12-08,巴基斯坦,2885,423179,370474,8487
12-08,摩洛哥,1531,381188,334269,6320
12-08,沙特阿拉伯,193,359115,349414,5989
12-08,瑞士,4262,358568,279900,5566
12-08,以色列,1836,347497,330475,2925
12-08,葡萄牙,2905,327976,252428,5122
12-08,奥地利,2377,308070,262314,4002
12-08,瑞典,18820,297732,4917,7200
12-08,匈牙利,2219,256367,75281,6120
12-08,约旦,6556,244069,192033,3116
12-08,尼泊尔,1382,243377,229054,1637
12-08,塞尔维亚,7818,234027,15913,2062
12-08,厄瓜多尔,246,198244,174188,13780
12-08,哈萨克斯坦,688,180777,152379,2544
12-08,巴拿马,1511,179230,154330,3212
12-08,阿联酋,1260,178837,160295,596
12-08,格鲁吉亚,4673,169649,141392,1576
12-08,日本,2144,166545,138838,2334
12-08,保加利亚,2764,164185,65616,5010
12-08,克罗地亚,2613,154852,130869,2298
12-08,阿塞拜疆,4387,154152,93411,1713
12-08,白俄罗斯,1649,150602,127528,1222
12-08,多米尼加,685,149138,117402,2346
12-08,哥斯达黎加,2736,146421,102855,1825
12-08,玻利维亚,97,145657,124981,8997
12-08,科威特,301,144900,140638,900
12-08,亚美尼亚,584,142928,119147,2372
12-08,卡塔尔,295,140203,137708,239
12-08,黎巴嫩,984,138096,90229,1115
12-08,危地马拉,799,126473,115406,4286
12-08,阿曼,210,125325,116720,1454
12-08,斯洛伐克,1949,119232,87433,1046
12-08,埃及,415,118847,103703,6790
12-08,摩尔多瓦,1130,117495,101938,2438
12-08,希腊,1250,116721,23074,3092
12-08,埃塞俄比亚,440,113735,82803,1755
12-08,洪都拉斯,684,111707,49781,2950
12-08,委内瑞拉,462,104904,99982,924
12-08,突尼斯,327,104329,77798,3596
12-08,缅甸,1308,101739,80726,2151
12-08,巴勒斯坦,1351,101109,75257,867
12-08,波黑,1077,96021,60210,3081
12-08,丹麦,2154,95331,73572,901
12-08,阿尔及利亚,573,88825,57648,2527
12-08,巴拉圭,803,88723,62603,1872
12-08,肯尼亚,199,88579,69414,1531
12-08,巴林,181,88111,86215,341
12-08,利比亚,889,87986,57837,1255
12-08,斯洛文尼亚,1630,87915,65240,1862
12-08,立陶宛,1390,77426,32399,673
12-08,吉尔吉斯斯坦,295,75690,67873,1301
12-08,马来西亚,1012,75306,64056,388
12-08,爱尔兰,222,74468,23364,2099
12-08,乌兹别克斯坦,153,74206,71482,611
12-08,尼日利亚,390,69645,64947,1181
12-08,北马其顿,364,68332,44705,1949
12-08,新加坡,12,58285,58168,29
12-08,加纳,76,52274,51063,325
12-08,阿富汗,200,47716,37920,1906
12-08,阿尔巴尼亚,695,43683,22180,922
12-08,萨尔瓦多,214,40345,36735,1168
12-08,挪威,380,38920,17998,361
12-08,韩国,594,38755,29650,552
12-08,黑山,316,38562,27651,543
12-08,卢森堡,1459,38476,29792,360
12-08,斯里兰卡,377,28580,20804,142
12-08,芬兰,361,28242,18100,424
12-08,澳大利亚,15,27987,25646,908
12-08,喀麦隆,0,24752,23344,443
12-08,乌干达,701,23200,9374,207
12-08,拉脱维亚,584,22104,1866,288
12-08,科特迪瓦,22,21507,21150,132
12-08,苏丹,279,19747,11184,1301
12-08,赞比亚,32,17963,17268,364
12-08,马达加斯加,0,17513,16927,255
12-08,塞内加尔,43,16596,15864,340
12-08,莫桑比克,82,16326,14429,136
12-08,安哥拉,57,15648,8353,354
12-08,爱沙尼亚,284,15510,9446,137
12-08,纳米比亚,141,15219,13949,152
12-08,刚果（金）,68,13595,12059,344
12-08,几内亚,31,13264,12465,79
12-08,马尔代夫,15,13213,12437,47
12-08,塞浦路斯,416,12867,2057,63
12-08,塔吉克斯坦,42,12511,11926,88
12-08,博茨瓦纳,527,12058,9400,36
12-08,牙买加,87,11271,7292,265
12-08,佛得角,35,11098,10676,109
12-08,津巴布韦,121,10839,8972,294
12-08,马耳他,40,10699,8641,157
12-08,毛里塔尼亚,163,9679,7849,194
12-08,海地,29,9399,8148,233
12-08,加蓬,24,9278,9132,60
12-08,古巴,124,8906,7997,136
12-08,叙利亚,87,8490,4000,452
12-08,伯利兹,184,7953,3943,176
12-08,巴哈马,9,7579,6003,163
12-08,乌拉圭,202,7505,5240,83
12-08,安道尔,34,7084,6293,78
12-08,特立尼达和多巴哥,8,6775,5962,122
12-08,斯威士兰,28,6529,6094,123
12-08,卢旺达,62,6191,5696,51
12-08,马拉维,2,6051,5476,185
12-08,尼加拉瓜,0,5838,4225,161
12-08,刚果（布）,0,5774,4988,94
12-08,吉布提,7,5708,5596,61
12-08,圭亚那,32,5697,4779,154
12-08,冰岛,10,5506,5292,28
12-08,苏里南,1,5325,5214,117
12-08,马里,155,5290,3377,175
12-08,赤道几内亚,7,5166,5036,85
12-08,中非共和国,0,4922,1924,63
12-08,索马里,54,4579,3529,121
12-08,泰国,19,4126,3874,60
12-08,冈比亚,2,3772,3618,123
12-08,布基纳法索,103,3315,2721,68
12-08,多哥,16,3111,2677,65
12-08,贝宁,0,3073,2922,44
12-08,几内亚比绍,3,2444,2337,44
12-08,塞拉利昂,2,2428,1846,74
12-08,也门,46,2383,1554,649
12-08,莱索托,0,2150,1278,44
12-08,新西兰,6,2085,2006,25
12-08,尼日尔,38,1894,1239,78
12-08,圣马力诺,11,1800,1438,48
12-08,乍得,3,1728,1571,102
12-08,利比里亚,0,1676,1358,83
12-08,列支敦士登公国,7,1404,1235,19
12-08,越南,10,1377,1224,35
12-08,蒙古,1,888,384,0
12-08,钻石号邮轮,0,712,699,13
12-08,布隆迪,4,698,630,1
12-08,巴布亚新几内亚,13,684,601,7
12-08,厄立特里亚,17,649,517,0
12-08,摩纳哥,3,641,577,3
12-08,科摩罗,0,616,600,7
12-08,毛里求斯,3,511,478,10
12-08,坦桑尼亚,0,509,183,21
12-08,不丹,2,432,390,0
12-08,柬埔寨,2,350,307,0
12-08,巴巴多斯,2,287,260,7
12-08,圣卢西亚,5,270,165,2
12-08,塞舌尔,0,184,168,0
12-08,文莱,1,152,147,3
12-08,安提瓜和巴布达,0,146,134,4
12-08,圣文森特和格林纳丁斯,0,87,80,0
12-08,多米尼克,0,85,72,0
12-08,斐济,0,44,33,2
12-08,格林纳达,2,43,41,0
12-08,老挝,2,41,28,0
12-08,马提尼克岛,5,37,0,1
12-08,东帝汶,0,31,30,0
12-08,梵蒂冈,0,27,15,0
12-08,圣基茨和尼维斯,0,25,21,0
12-08,所罗门群岛,0,17,5,0
12-08,马绍尔群岛,0,4,4,0
12-08,瓦努阿图,0,1,1,0
12-09,中国,117,94606,88156,4754
12-09,美国,208121,15591709,9087069,293398
12-09,印度,32080,9735850,9215581,141360
12-09,巴西,51088,6674999,5965492,178159
12-09,俄罗斯,25838,2518551,1989710,44220
12-09,法国,14138,2363197,177558,56453
12-09,意大利,14837,1757394,958629,61240
12-09,英国,12390,1754918,3770,62130
12-09,西班牙,6255,1715700,196958,46646
12-09,阿根廷,3610,1469919,1305587,40009
12-09,哥伦比亚,7510,1384610,1278326,38158
12-09,德国,19788,1229269,909058,20082
12-09,墨西哥,11006,1193255,881050,110874
12-09,波兰,12166,1088346,768241,21160
12-09,伊朗,10223,1072620,765639,51212
12-09,秘鲁,2709,976621,911113,36401
12-09,土耳其,33198,893630,441515,15314
12-09,乌克兰,12937,867991,469200,14702
12-09,南非,4011,821889,753072,22432
12-09,比利时,1957,594572,33687,17507
12-09,印度尼西亚,6058,592900,487445,18171
12-09,荷兰,6624,586525,7413,9923
12-09,伊拉克,1735,569873,499846,12501
12-09,智利,1244,564778,539171,15690
12-09,捷克,5857,556927,489759,9136
12-09,罗马尼亚,7365,532040,425816,12821
12-09,孟加拉,2159,484104,405966,6930
12-09,菲律宾,1379,444164,408942,8677
12-09,加拿大,6114,432743,349629,12887
12-09,巴基斯坦,2963,426142,372271,8547
12-09,摩洛哥,2900,384088,337719,6370
12-09,瑞士,5086,363654,283000,5663
12-09,沙特阿拉伯,159,359274,349624,6002
12-09,以色列,1527,349024,331285,2933
12-09,葡萄牙,2905,327976,252428,5122
12-09,奥地利,2932,311002,265815,4056
12-09,瑞典,7061,304793,4917,7296
12-09,匈牙利,3221,259588,76270,6280
12-09,约旦,3062,247131,197058,3162
12-09,尼泊尔,1056,244433,230537,1651
12-09,塞尔维亚,7804,241831,0,2116
12-09,厄瓜多尔,508,198752,174188,13794
12-09,哈萨克斯坦,944,181721,153432,2544
12-09,巴拿马,1936,181166,155870,3241
12-09,阿联酋,1313,180150,161084,598
12-09,格鲁吉亚,4734,174383,145287,1614
12-09,日本,2856,169401,140466,2367
12-09,保加利亚,3980,168165,69028,5156
12-09,克罗地亚,4520,159372,133255,2367
12-09,阿塞拜疆,4403,158555,96330,1755
12-09,白俄罗斯,1851,152453,129950,1230
12-09,多米尼加,492,149630,117804,2347
12-09,哥斯达黎加,1009,147430,105686,1846
12-09,玻利维亚,189,145846,125230,9002
12-09,科威特,301,144900,140638,900
12-09,亚美尼亚,1138,144066,120532,2393
12-09,卡塔尔,150,140353,137881,240
12-09,黎巴嫩,1039,139135,93100,1136
12-09,危地马拉,799,126473,115406,4286
12-09,阿曼,165,125490,117034,1461
12-09,斯洛伐克,2564,121796,89769,1084
12-09,埃及,434,119281,103913,6813
12-09,摩尔多瓦,1709,119204,102565,2460
12-09,希腊,1324,118045,23074,3194
12-09,埃塞俄比亚,531,114266,84948,1766
12-09,洪都拉斯,468,112175,50344,2952
12-09,突尼斯,1116,105445,80082,3668
12-09,委内瑞拉,480,105384,100476,928
12-09,缅甸,1427,103166,81715,2174
12-09,巴勒斯坦,1883,102992,76893,890
12-09,丹麦,2559,97890,74887,904
12-09,波黑,1296,97317,61322,3151
12-09,斯洛文尼亚,2160,90075,67437,1900
12-09,巴拉圭,698,89421,63243,1887
12-09,阿尔及利亚,591,89416,58146,2539
12-09,肯尼亚,521,89100,69839,1545
12-09,利比亚,536,88522,58578,1261
12-09,巴林,183,88294,86348,345
12-09,立陶宛,3130,80556,33708,704
12-09,马来西亚,959,76265,65124,393
12-09,吉尔吉斯斯坦,322,76012,68367,1303
12-09,爱尔兰,214,74682,23364,2097
12-09,乌兹别克斯坦,146,74352,71609,611
12-09,尼日利亚,550,70195,65110,1182
12-09,北马其顿,1120,69452,45621,1977
12-09,新加坡,6,58291,58176,29
12-09,加纳,348,52622,51424,326
12-09,阿富汗,135,47851,38032,1919
12-09,阿尔巴尼亚,753,44436,22527,936
12-09,萨尔瓦多,396,40741,37172,1174
12-09,韩国,677,39432,30177,556
12-09,挪威,243,39163,17998,361
12-09,黑山,591,39153,28052,549
12-09,卢森堡,1459,38476,29792,360
12-09,斯里兰卡,1157,29737,21800,142
12-09,芬兰,490,28732,18100,425
12-09,澳大利亚,6,27993,25657,908
12-09,喀麦隆,0,24752,23344,443
12-09,乌干达,660,23860,9510,207
12-09,拉脱维亚,712,22816,1866,293
12-09,科特迪瓦,6,21513,21161,132
12-09,苏丹,337,20084,11344,1307
12-09,赞比亚,32,17963,17268,364
12-09,马达加斯加,0,17473,16927,255
12-09,塞内加尔,69,16665,15904,341
12-09,莫桑比克,47,16373,14437,136
12-09,爱沙尼亚,544,16054,9860,139
12-09,安哥拉,81,15729,8470,355
12-09,纳米比亚,79,15298,14004,153
12-09,刚果（金）,155,13750,12059,344
12-09,塞浦路斯,419,13286,2057,68
12-09,几内亚,19,13283,12515,79
12-09,马尔代夫,35,13248,12489,47
12-09,塔吉克斯坦,42,12511,11926,88
12-09,博茨瓦纳,527,12058,9400,36
12-09,牙买加,87,11271,7292,265
12-09,佛得角,20,11118,10712,109
12-09,津巴布韦,73,10912,9062,303
12-09,马耳他,79,10778,8720,160
12-09,毛里塔尼亚,197,9876,7904,197
12-09,海地,29,9399,8148,233
12-09,加蓬,24,9278,9132,60
12-09,古巴,76,8982,8047,136
12-09,叙利亚,90,8580,4059,458
12-09,伯利兹,60,8013,4012,179
12-09,乌拉圭,301,7806,5415,86
12-09,巴哈马,9,7579,6003,163
12-09,安道尔,43,7127,6367,78
12-09,特立尼达和多巴哥,7,6782,5996,122
12-09,斯威士兰,34,6563,6137,124
12-09,卢旺达,46,6237,5715,51
12-09,马拉维,0,6051,5482,186
12-09,尼加拉瓜,49,5887,4225,162
12-09,刚果（布）,0,5774,4988,94
12-09,吉布提,9,5717,5599,61
12-09,圭亚那,3,5700,4870,154
12-09,冰岛,10,5516,5302,28
12-09,马里,152,5442,3416,180
12-09,苏里南,1,5326,5217,117
12-09,赤道几内亚,0,5166,5036,85
12-09,中非共和国,5,4927,1924,63
12-09,索马里,54,4579,3529,121
12-09,泰国,25,4151,3880,60
12-09,冈比亚,4,3776,3631,123
12-09,布基纳法索,154,3469,2742,69
12-09,多哥,21,3132,2691,65
12-09,贝宁,17,3090,2972,44
12-09,几内亚比绍,3,2444,2337,44
12-09,塞拉利昂,2,2428,1847,74
12-09,莱索托,14,2164,1283,44
12-09,新西兰,3,2088,2008,25
12-09,也门,0,2078,1382,606
12-09,尼日尔,93,1987,1239,79
12-09,圣马力诺,34,1834,1492,49
12-09,乍得,1,1729,1573,102
12-09,利比里亚,0,1676,1358,83
12-09,列支敦士登公国,28,1432,1270,19
12-09,越南,4,1381,1225,35
12-09,蒙古,5,893,384,0
12-09,布隆迪,18,716,630,1
12-09,钻石号邮轮,0,712,699,13
12-09,巴布亚新几内亚,13,684,601,7
12-09,厄立特里亚,17,649,517,0
12-09,摩纳哥,7,648,580,3
12-09,科摩罗,1,617,605,7
12-09,毛里求斯,4,515,478,10
12-09,坦桑尼亚,0,509,183,21
12-09,不丹,1,433,393,0
12-09,柬埔寨,4,354,307,0
12-09,巴巴多斯,3,290,264,7
12-09,圣卢西亚,5,270,169,2
12-09,塞舌尔,0,184,168,0
12-09,文莱,1,152,147,3
12-09,安提瓜和巴布达,0,146,134,4
12-09,圣文森特和格林纳丁斯,3,90,80,0
12-09,多米尼克,0,85,72,0
12-09,斐济,0,44,35,2
12-09,格林纳达,0,43,41,0
12-09,老挝,0,41,28,0
12-09,马提尼克岛,5,37,0,1
12-09,东帝汶,0,31,30,0
12-09,梵蒂冈,0,27,15,0
12-09,圣基茨和尼维斯,0,25,21,0
12-09,所罗门群岛,0,17,5,0
12-09,马绍尔群岛,0,4,4,0
12-09,瓦努阿图,0,1,1,0
12-10,中国,132,94738,88290,4755
12-10,美国,225441,15820042,9226411,296698
12-10,印度,31521,9767371,9253306,141772
12-10,巴西,53453,6728452,5966118,178995
12-10,俄罗斯,27562,2546113,2015137,44769
12-10,法国,14714,2377911,178937,56752
12-10,英国,16637,1771555,3779,62663
12-10,意大利,12755,1770149,997895,61739
12-10,西班牙,4886,1725473,196958,47019
12-10,阿根廷,5303,1475222,1311488,40222
12-10,哥伦比亚,7523,1392133,1287597,38308
12-10,德国,25556,1254825,929324,20489
12-10,墨西哥,11974,1205229,889168,111655
12-10,波兰,13750,1102096,792119,21630
12-10,伊朗,10403,1083023,778167,51496
12-10,秘鲁,2709,976621,912501,36401
12-10,土耳其,31712,925342,447361,15531
12-10,乌克兰,13736,881727,483553,14981
12-10,南非,6709,828598,754658,22574
12-10,印度尼西亚,6033,598933,491975,18336
12-10,比利时,3071,597643,33687,17603
12-10,荷兰,8838,595363,7551,9984
12-10,伊拉克,1735,569873,501967,12526
12-10,智利,1244,564778,539171,15690
12-10,捷克,6406,563333,493946,9226
12-10,罗马尼亚,7067,539107,434679,12948
12-10,孟加拉,1861,485965,410452,6967
12-10,菲律宾,1376,445540,409058,8701
12-10,加拿大,6272,439142,355401,13009
12-10,巴基斯坦,3138,429280,374301,8603
12-10,摩洛哥,4096,388184,341685,6427
12-10,瑞士,5041,368695,288400,5771
12-10,沙特阿拉伯,159,359274,349624,6002
12-10,以色列,2555,351579,332645,2937
12-10,葡萄牙,4097,332073,254700,5192
12-10,奥地利,2686,313688,269665,4163
12-10,瑞典,7935,312728,0,7354
12-10,匈牙利,5415,265003,77362,6451
12-10,约旦,3088,250219,202058,3206
12-10,尼泊尔,1217,245650,231601,1663
12-10,塞尔维亚,7804,241831,15913,2116
12-10,厄瓜多尔,476,199228,174188,13814
12-10,巴拿马,1811,182977,156870,3264
12-10,哈萨克斯坦,936,182657,154432,2546
12-10,阿联酋,1255,181405,161741,602
12-10,格鲁吉亚,4570,178953,148332,1657
12-10,日本,2975,172376,142850,2392
12-10,保加利亚,3328,171493,72078,5283
12-10,克罗地亚,4620,163992,136721,2420
12-10,阿塞拜疆,4403,158555,99892,1793
12-10,白俄罗斯,1939,154392,132085,1238
12-10,多米尼加,531,150161,118008,2350
12-10,哥斯达黎加,1258,148688,107624,1864
12-10,玻利维亚,214,146060,125490,9004
12-10,亚美尼亚,1174,145240,121882,2416
12-10,科威特,304,145204,140989,905
12-10,卡塔尔,163,140516,138033,240
12-10,黎巴嫩,1274,140409,94042,1156
12-10,危地马拉,654,127127,115931,4311
12-10,阿曼,179,125669,117327,1463
12-10,斯洛伐克,3125,124921,91455,1104
12-10,摩尔多瓦,1766,120970,103973,2481
12-10,希腊,1675,119720,23074,3289
12-10,埃及,421,119702,104074,6832
12-10,埃塞俄比亚,568,114834,87244,1769
12-10,洪都拉斯,617,112792,50888,2961
12-10,突尼斯,1411,106856,81204,3717
12-10,委内瑞拉,468,105852,100952,933
12-10,巴勒斯坦,1887,104879,78715,910
12-10,缅甸,1427,103166,81715,2174
12-10,丹麦,2564,97895,76185,918
12-10,波黑,1296,97317,61322,3151
12-10,斯洛文尼亚,1847,91922,69170,1949
12-10,巴拉圭,725,90146,63891,1901
12-10,阿尔及利亚,598,90014,58146,2554
12-10,肯尼亚,561,89661,70194,1552
12-10,利比亚,661,89183,59222,1273
12-10,巴林,201,88495,86518,347
12-10,立陶宛,3327,83883,34975,735
12-10,马来西亚,2234,78499,66236,396
12-10,吉尔吉斯斯坦,379,76391,68894,1306
12-10,爱尔兰,218,74900,23364,2102
12-10,乌兹别克斯坦,146,74498,71740,611
12-10,尼日利亚,474,70669,65242,1184
12-10,北马其顿,502,69954,46352,2023
12-10,新加坡,6,58297,58182,29
12-10,加纳,116,52738,51518,326
12-10,阿富汗,202,48053,38099,1935
12-10,阿尔巴尼亚,752,45188,23072,951
12-10,萨尔瓦多,396,40741,37172,1180
12-10,韩国,666,40098,30637,564
12-10,黑山,454,39607,28461,556
12-10,挪威,362,39525,17998,382
12-10,卢森堡,0,38476,29792,360
12-10,斯里兰卡,335,30072,22261,144
12-10,芬兰,840,29572,20000,442
12-10,澳大利亚,7,28000,25664,908
12-10,乌干达,1199,25059,9510,219
12-10,喀麦隆,211,24963,23344,443
12-10,拉脱维亚,890,23706,1866,304
12-10,科特迪瓦,34,21547,21176,133
12-10,苏丹,384,20468,11673,1319
12-10,赞比亚,99,18062,17295,364
12-10,马达加斯加,0,17473,16927,255
12-10,塞内加尔,101,16766,15950,343
12-10,爱沙尼亚,544,16598,9945,141
12-10,莫桑比克,67,16440,14684,138
12-10,安哥拉,75,15804,8579,358
12-10,纳米比亚,174,15472,14195,155
12-10,刚果（金）,93,13843,12208,350
12-10,几内亚,42,13325,12548,79
12-10,塞浦路斯,419,13286,2057,68
12-10,马尔代夫,26,13274,12591,47
12-10,塔吉克斯坦,40,12551,11968,88
12-10,博茨瓦纳,0,12058,9400,36
12-10,牙买加,98,11369,7390,266
12-10,佛得角,74,11192,10760,109
12-10,津巴布韦,95,11007,9147,304
12-10,马耳他,106,10884,8848,164
12-10,毛里塔尼亚,229,10105,7925,202
12-10,海地,35,9434,8170,233
12-10,加蓬,22,9300,9155,62
12-10,古巴,124,9106,8137,136
12-10,叙利亚,95,8675,4114,465
12-10,伯利兹,506,8519,4075,183
12-10,乌拉圭,298,8104,5564,87
12-10,巴哈马,6,7585,6032,163
12-10,安道尔,35,7162,6452,78
12-10,特立尼达和多巴哥,26,6808,6036,122
12-10,斯威士兰,49,6612,6175,125
12-10,卢旺达,41,6278,5715,53
12-10,马拉维,0,6051,5487,186
12-10,刚果（布）,275,6049,4988,99
12-10,尼加拉瓜,49,5887,4225,162
12-10,圭亚那,32,5732,4888,154
12-10,吉布提,9,5717,5599,61
12-10,冰岛,8,5524,5313,28
12-10,马里,27,5469,3454,181
12-10,苏里南,7,5333,5217,117
12-10,赤道几内亚,17,5183,5048,85
12-10,中非共和国,5,4927,1924,63
12-10,索马里,0,4579,3529,121
12-10,泰国,18,4169,3888,60
12-10,冈比亚,4,3776,3631,123
12-10,布基纳法索,154,3469,2742,69
12-10,多哥,19,3151,2699,65
12-10,贝宁,17,3090,2972,44
12-10,几内亚比绍,0,2444,2337,44
12-10,塞拉利昂,6,2434,1847,74
12-10,莱索托,14,2164,1283,44
12-10,新西兰,3,2088,2008,25
12-10,也门,1,2079,1383,606
12-10,尼日尔,91,2078,1241,79
12-10,圣马力诺,34,1834,1492,49
12-10,乍得,3,1732,1581,102
12-10,利比里亚,0,1676,1358,83
12-10,列支敦士登公国,9,1441,1282,19
12-10,越南,4,1385,1225,35
12-10,蒙古,5,898,384,0
12-10,布隆迪,4,720,630,1
12-10,钻石号邮轮,0,712,699,13
12-10,巴布亚新几内亚,0,684,601,7
12-10,摩纳哥,7,655,585,3
12-10,厄立特里亚,0,649,517,0
12-10,科摩罗,1,617,605,7
12-10,毛里求斯,4,515,478,10
12-10,坦桑尼亚,0,509,183,21
12-10,不丹,1,433,395,0
12-10,柬埔寨,2,356,307,0
12-10,巴巴多斯,3,290,264,7
12-10,圣卢西亚,0,270,169,2
12-10,塞舌尔,0,184,168,0
12-10,文莱,0,152,147,3
12-10,安提瓜和巴布达,0,146,138,4
12-10,圣文森特和格林纳丁斯,1,91,80,0
12-10,多米尼克,0,85,76,0
12-10,斐济,0,44,35,2
12-10,格林纳达,0,43,41,0
12-10,老挝,0,41,33,0
12-10,马提尼克岛,5,37,0,1
12-10,东帝汶,0,31,30,0
12-10,梵蒂冈,0,27,15,0
12-10,圣基茨和尼维斯,0,25,23,0
12-10,所罗门群岛,0,17,5,0
12-10,马绍尔群岛,0,4,4,0
12-10,瓦努阿图,0,1,1,0
12-11,中国,99,94837,88399,4755
12-11,美国,217779,16039393,9330865,299692
12-11,印度,29398,9796769,9290834,142186
12-11,巴西,53347,6781799,6043219,179765
12-11,俄罗斯,28206,2574319,2041006,45370
12-11,法国,13732,2391643,180348,57044
12-11,英国,21057,1792612,3794,63179
12-11,意大利,16998,1787147,1027994,62626
12-11,西班牙,4595,1734386,196958,47344
12-11,阿根廷,6994,1482216,1318187,40431
12-11,哥伦比亚,7778,1399911,1296420,38484
12-11,德国,28823,1287092,951923,21195
12-11,墨西哥,11897,1217126,896130,112326
12-11,波兰,13105,1115201,815356,22174
12-11,伊朗,9384,1092407,787853,51727
12-11,秘鲁,2490,979111,914600,36499
12-11,土耳其,30424,955766,452593,15751
12-11,乌克兰,13893,895620,499182,15278
12-11,南非,8166,836764,756671,22747
12-11,印度尼西亚,6310,605243,496886,18511
12-11,荷兰,8948,604311,7651,10049
12-11,比利时,2754,600397,33687,17692
12-11,伊拉克,1347,572600,503897,12549
12-11,捷克,5872,569205,497828,9341
12-11,智利,1534,567974,541345,15782
12-11,罗马尼亚,6460,545567,443168,13116
12-11,孟加拉,1884,487849,414318,6986
12-11,菲律宾,1499,447039,409329,8709
12-11,加拿大,6689,446451,361558,13151
12-11,巴基斯坦,3047,432327,379092,8653
12-11,摩洛哥,3345,391529,345934,6492
12-11,瑞士,5136,373831,288400,5888
12-11,沙特阿拉伯,309,359583,350108,6023
12-11,以色列,1690,353269,333900,2969
12-11,葡萄牙,8214,340287,263648,5373
12-11,瑞典,7370,320098,4917,7514
12-11,奥地利,2893,316581,273503,4289
12-11,匈牙利,6197,271200,78700,6622
12-11,塞尔维亚,6534,255758,0,2227
12-11,约旦,2902,253121,209746,3286
12-11,尼泊尔,1044,246694,232872,1674
12-11,厄瓜多尔,1151,200379,174188,13850
12-11,巴拿马,2447,185424,157888,3287
12-11,哈萨克斯坦,973,183630,155338,2550
12-11,格鲁吉亚,4146,183099,150461,1694
12-11,阿联酋,1196,182601,162435,607
12-11,日本,2794,175170,144858,2445
12-11,保加利亚,3075,174568,75232,5405
12-11,克罗地亚,4396,168388,140898,2484
12-11,阿塞拜疆,4381,167155,103550,1840
12-11,白俄罗斯,1967,156359,133930,1246
12-11,多米尼加,1560,151721,118877,2359
12-11,哥斯达黎加,1127,149815,109855,1882
12-11,玻利维亚,325,146385,125716,9008
12-11,亚美尼亚,1077,146317,123474,2445
12-11,科威特,291,145495,141259,910
12-11,黎巴嫩,1778,142187,95737,1170
12-11,卡塔尔,164,140680,138194,240
12-11,危地马拉,659,127786,117013,4376
12-11,斯洛伐克,2166,127087,93533,1122
12-11,阿曼,179,125669,117327,1463
12-11,摩尔多瓦,1715,122685,105238,2500
12-11,希腊,1533,121253,23074,3370
12-11,埃及,445,120147,104281,6854
12-11,埃塞俄比亚,526,115360,88975,1779
12-11,洪都拉斯,415,113207,50948,2968
12-11,突尼斯,958,107814,82193,3758
12-11,巴勒斯坦,1743,106622,81166,931
12-11,委内瑞拉,428,106280,101384,938
12-11,缅甸,1376,105863,84338,2220
12-11,丹麦,3076,104103,77448,927
12-11,波黑,1286,98603,62592,3199
12-11,斯洛文尼亚,1812,93734,70733,1998
12-11,巴拉圭,812,90958,64527,1914
12-11,阿尔及利亚,565,90579,59135,2564
12-11,肯尼亚,644,90305,71254,1568
12-11,利比亚,697,89880,59839,1278
12-11,巴林,137,88632,86684,347
12-11,立陶宛,3066,86949,36168,764
12-11,马来西亚,1810,80309,67173,402
12-11,吉尔吉斯斯坦,327,76718,69341,1307
12-11,爱尔兰,303,75203,23364,2117
12-11,乌兹别克斯坦,166,74664,71921,611
12-11,尼日利亚,675,71344,65474,1190
12-11,北马其顿,929,70883,47364,2051
12-11,新加坡,8,58305,58192,29
12-11,加纳,116,52738,51518,326
12-11,阿富汗,63,48116,38141,1945
12-11,阿尔巴尼亚,873,46061,23609,965
12-11,韩国,688,40786,31157,572
12-11,萨尔瓦多,0,40741,37172,1186
12-11,挪威,426,40194,17998,387
12-11,黑山,558,40165,29054,566
12-11,卢森堡,1561,40037,30898,384
12-11,斯里兰卡,774,31149,22831,146
12-11,芬兰,501,30073,20000,442
12-11,澳大利亚,12,28012,25667,908
12-11,乌干达,671,25730,9605,220
12-11,喀麦隆,211,24963,23344,443
12-11,拉脱维亚,680,24386,1866,319
12-11,科特迪瓦,43,21590,21203,133
12-11,苏丹,384,20468,11673,1319
12-11,赞比亚,70,18161,17329,365
12-11,马达加斯加,0,17473,16927,255
12-11,爱沙尼亚,358,16956,10533,142
12-11,塞内加尔,127,16893,16015,345
12-11,莫桑比克,81,16521,14715,139
12-11,安哥拉,121,15925,8679,362
12-11,纳米比亚,475,15773,14218,158
12-11,刚果（金）,173,14169,12208,350
12-11,塞浦路斯,363,13649,2057,70
12-11,几内亚,43,13368,12598,79
12-11,马尔代夫,34,13308,12621,47
12-11,塔吉克斯坦,37,12588,12009,88
12-11,博茨瓦纳,443,12501,9940,37
12-11,牙买加,140,11509,7667,270
12-11,佛得角,11,11203,10836,109
12-11,津巴布韦,74,11081,9253,305
12-11,马耳他,96,10980,8935,166
12-11,毛里塔尼亚,163,10268,7957,210
12-11,海地,35,9434,8170,233
12-11,加蓬,22,9300,9155,62
12-11,古巴,75,9181,8212,136
12-11,伯利兹,286,8805,4141,183
12-11,叙利亚,112,8787,4174,476
12-11,乌拉圭,383,8487,5747,90
12-11,巴哈马,6,7585,6032,163
12-11,安道尔,28,7190,6505,78
12-11,特立尼达和多巴哥,25,6833,6060,122
12-11,斯威士兰,21,6633,6221,126
12-11,卢旺达,71,6349,5789,53
12-11,马拉维,2,6053,5489,186
12-11,刚果（布）,275,6049,4988,99
12-11,尼加拉瓜,0,5887,4225,162
12-11,圭亚那,79,5811,4925,154
12-11,吉布提,0,5717,5605,61
12-11,马里,107,5576,3502,184
12-11,冰岛,15,5539,5323,28
12-11,苏里南,4,5337,5218,117
12-11,赤道几内亚,17,5183,5048,85
12-11,中非共和国,0,4927,1924,63
12-11,索马里,0,4579,3529,121
12-11,泰国,11,4180,3903,60
12-11,冈比亚,3,3779,3645,123
12-11,布基纳法索,110,3579,2792,69
12-11,多哥,31,3182,2714,66
12-11,贝宁,0,3090,2972,44
12-11,几内亚比绍,0,2444,2337,44
12-11,塞拉利昂,1,2435,1847,74
12-11,莱索托,36,2214,1302,44
12-11,尼日尔,48,2126,1249,80
12-11,新西兰,4,2092,2010,25
12-11,也门,2,2081,1383,606
12-11,圣马力诺,74,1908,1555,50
12-11,乍得,7,1739,1587,102
12-11,利比里亚,0,1676,1358,83
12-11,列支敦士登公国,25,1466,1296,20
12-11,越南,6,1391,1238,35
12-11,蒙古,7,905,384,0
12-11,布隆迪,1,721,640,1
12-11,钻石号邮轮,0,712,699,13
12-11,巴布亚新几内亚,0,684,601,8
12-11,摩纳哥,2,657,591,3
12-11,厄立特里亚,7,656,525,0
12-11,科摩罗,0,617,605,7
12-11,毛里求斯,0,515,478,10
12-11,坦桑尼亚,0,509,183,21
12-11,不丹,1,434,395,0
12-11,柬埔寨,1,357,307,0
12-11,巴巴多斯,1,291,269,7
12-11,圣卢西亚,0,270,169,2
12-11,塞舌尔,3,187,182,0
12-11,文莱,0,152,147,3
12-11,安提瓜和巴布达,0,146,138,4
12-11,圣文森特和格林纳丁斯,3,94,81,0
12-11,多米尼克,0,85,76,0
12-11,斐济,0,44,35,2
12-11,格林纳达,0,43,41,0
12-11,老挝,0,41,33,0
12-11,马提尼克岛,5,37,0,1
12-11,东帝汶,0,31,30,0
12-11,梵蒂冈,0,27,15,0
12-11,圣基茨和尼维斯,1,26,23,0
12-11,所罗门群岛,0,17,5,0
12-11,马绍尔群岛,0,4,4,0
12-11,瓦努阿图,0,1,1,0
12-12,中国,90,94927,88535,4755
12-12,美国,246530,16295458,9507419,302750
12-12,印度,30006,9826775,9324328,142628
12-12,巴西,54428,6836227,6078287,180437
12-12,俄罗斯,27729,2602048,2066710,45923
12-12,法国,13567,2405210,181581,57671
12-12,英国,21785,1814397,3805,63603
12-12,意大利,18726,1805873,1052163,63387
12-12,西班牙,7053,1741439,196958,47624
12-12,阿根廷,7112,1489328,1324792,40606
12-12,哥伦比亚,8998,1408909,1304299,38669
12-12,德国,27217,1314309,966238,21620
12-12,墨西哥,12253,1229379,904042,113019
12-12,波兰,11499,1126700,840541,22676
12-12,伊朗,8411,1100818,800853,51949
12-12,秘鲁,1832,980943,916249,36544
12-12,土耳其,32106,955766,452593,15751
12-12,乌克兰,13219,908839,513249,15528
12-12,南非,8319,845083,758373,22952
12-12,荷兰,9224,613535,7752,10104
12-12,印度尼西亚,6388,611631,501376,18653
12-12,比利时,2762,603159,33687,17792
12-12,捷克,6217,575422,503017,9450
12-12,伊拉克,1022,573622,505669,12565
12-12,智利,1807,569781,543086,15846
12-12,罗马尼亚,6333,551900,451477,13264
12-12,孟加拉,1329,489178,417503,7020
12-12,加拿大,6092,452543,367837,13267
12-12,菲律宾,1292,448331,409433,8730
12-12,巴基斯坦,2729,435056,381208,8724
12-12,摩洛哥,3035,394564,349821,6542
12-12,瑞士,5136,373831,291500,5970
12-12,沙特阿拉伯,166,359749,350347,6036
12-12,以色列,1690,353269,333900,2969
12-12,葡萄牙,8214,340287,263648,5373
12-12,瑞典,7370,320098,4917,7514
12-12,奥地利,3241,319822,277883,4415
12-12,匈牙利,5047,276247,79769,6784
12-12,塞尔维亚,6534,255758,15913,2275
12-12,约旦,2338,255459,209746,3286
12-12,尼泊尔,899,247593,234231,1689
12-12,厄瓜多尔,386,200765,174188,13858
12-12,巴拿马,2355,187779,159070,3309
12-12,格鲁吉亚,3907,187006,154241,1744
12-12,哈萨克斯坦,927,184557,156093,2551
12-12,阿联酋,1154,183755,163048,609
12-12,日本,3037,178207,147368,2462
12-12,保加利亚,3097,177665,79522,5562
12-12,克罗地亚,4135,172523,144691,2562
12-12,阿塞拜疆,4268,171423,107635,1883
12-12,白俄罗斯,1975,158334,135922,1254
12-12,多米尼加,731,152452,118877,2359
12-12,哥斯达黎加,1132,150947,112622,1895
12-12,亚美尼亚,995,147312,124521,2462
12-12,玻利维亚,312,146697,125886,9013
12-12,科威特,294,145789,141569,910
12-12,黎巴嫩,1518,143705,97647,1182
12-12,卡塔尔,147,140827,138347,240
12-12,危地马拉,755,128541,117013,4376
12-12,斯洛伐克,2166,127087,93533,1122
12-12,阿曼,0,125669,117327,1463
12-12,摩尔多瓦,1579,124264,106471,2521
12-12,希腊,1395,122648,23074,3472
12-12,埃及,464,120611,104499,6877
12-12,埃塞俄比亚,422,115782,91209,1791
12-12,洪都拉斯,501,113708,51244,2971
12-12,突尼斯,1290,109104,83162,3801
12-12,巴勒斯坦,1477,108099,83123,961
12-12,缅甸,1352,107215,85406,2245
12-12,委内瑞拉,435,106715,101823,944
12-12,丹麦,5,104108,77451,927
12-12,波黑,940,99543,63733,3250
12-12,斯洛文尼亚,1747,95481,72290,2041
12-12,巴拉圭,1155,92113,65176,1927
12-12,阿尔及利亚,542,91121,59590,2575
12-12,肯尼亚,673,90978,71579,1582
12-12,立陶宛,3303,90252,38768,791
12-12,利比亚,697,89880,59839,1278
12-12,巴林,188,88820,86867,347
12-12,马来西亚,1937,82246,68084,411
12-12,吉尔吉斯斯坦,341,77059,69794,1307
12-12,爱尔兰,304,75507,23364,2120
12-12,乌兹别克斯坦,147,74811,72084,612
12-12,尼日利亚,796,72140,65722,1190
12-12,北马其顿,1161,72044,48170,2077
12-12,新加坡,8,58313,58192,29
12-12,加纳,0,52738,51518,326
12-12,阿富汗,113,48229,38200,1956
12-12,阿尔巴尼亚,802,46863,24136,977
12-12,韩国,950,41736,31493,578
12-12,萨尔瓦多,422,41163,37471,1193
12-12,卢森堡,718,40755,31678,392
12-12,黑山,381,40546,29462,569
12-12,挪威,245,40439,17998,387
12-12,斯里兰卡,858,32007,23304,147
12-12,芬兰,377,30450,20000,453
12-12,澳大利亚,13,28025,25671,908
12-12,乌干达,639,26369,9646,220
12-12,喀麦隆,124,25087,23851,443
12-12,拉脱维亚,660,25046,1866,324
12-12,科特迪瓦,28,21618,21234,133
12-12,苏丹,376,20844,11855,1340
12-12,赞比亚,56,18217,17339,366
12-12,爱沙尼亚,757,17713,10626,148
12-12,马达加斯加,114,17587,16992,259
12-12,塞内加尔,168,17061,16059,349
12-12,莫桑比克,159,16680,14793,139
12-12,纳米比亚,496,16269,14582,160
12-12,安哥拉,136,16061,8798,365
12-12,刚果（金）,173,14342,12465,352
12-12,塞浦路斯,363,13649,2057,70
12-12,几内亚,30,13398,12626,79
12-12,马尔代夫,18,13326,12640,48
12-12,塔吉克斯坦,36,12624,12050,89
12-12,博茨瓦纳,443,12501,9940,37
12-12,牙买加,140,11509,7667,270
12-12,佛得角,59,11262,10894,110
12-12,津巴布韦,81,11162,9324,306
12-12,马耳他,121,11101,9079,166
12-12,毛里塔尼亚,233,10501,7957,210
12-12,海地,31,9465,8214,233
12-12,加蓬,30,9330,9182,63
12-12,古巴,86,9267,8290,136
12-12,伯利兹,160,8965,4219,185
12-12,叙利亚,124,8911,4243,491
12-12,乌拉圭,362,8849,5941,90
12-12,巴哈马,38,7623,6043,163
12-12,安道尔,46,7236,6598,78
12-12,特立尼达和多巴哥,19,6852,6103,122
12-12,斯威士兰,52,6685,6279,126
12-12,卢旺达,79,6428,5826,54
12-12,马拉维,2,6055,5490,186
12-12,刚果（布）,0,6049,4988,99
12-12,尼加拉瓜,0,5887,4225,162
12-12,圭亚那,28,5839,4944,154
12-12,吉布提,8,5725,5612,61
12-12,马里,73,5649,3537,185
12-12,冰岛,13,5552,5346,28
12-12,苏里南,2,5339,5220,117
12-12,赤道几内亚,2,5185,5058,85
12-12,中非共和国,9,4936,1924,63
12-12,索马里,0,4579,3529,121
12-12,泰国,12,4192,3915,60
12-12,冈比亚,3,3779,3645,123
12-12,布基纳法索,110,3579,2792,69
12-12,多哥,20,3202,2726,66
12-12,贝宁,0,3090,2972,44
12-12,几内亚比绍,0,2444,2337,44
12-12,塞拉利昂,3,2438,1850,75
12-12,莱索托,36,2250,1319,44
12-12,尼日尔,34,2160,1269,80
12-12,新西兰,4,2092,2010,25
12-12,也门,1,2082,1383,606
12-12,圣马力诺,24,1932,1575,51
12-12,乍得,6,1745,1595,102
12-12,利比里亚,0,1676,1358,83
12-12,列支敦士登公国,16,1482,1296,20
12-12,越南,4,1395,1238,35
12-12,蒙古,1,906,384,0
12-12,布隆迪,2,723,640,1
12-12,巴布亚新几内亚,36,720,601,8
12-12,钻石号邮轮,0,712,699,13
12-12,摩纳哥,2,659,594,3
12-12,厄立特里亚,0,656,525,0
12-12,科摩罗,0,617,605,7
12-12,毛里求斯,0,515,478,10
12-12,坦桑尼亚,0,509,183,21
12-12,不丹,2,436,396,0
12-12,柬埔寨,1,357,307,0
12-12,巴巴多斯,1,292,269,7
12-12,圣卢西亚,4,274,186,4
12-12,塞舌尔,3,187,182,0
12-12,文莱,0,152,147,3
12-12,安提瓜和巴布达,1,147,138,4
12-12,圣文森特和格林纳丁斯,3,94,81,0
12-12,多米尼克,2,87,76,0
12-12,斐济,0,44,35,2
12-12,格林纳达,0,43,41,0
12-12,老挝,0,41,33,0
12-12,马提尼克岛,5,37,0,1
12-12,东帝汶,0,31,30,0
12-12,梵蒂冈,0,27,15,0
12-12,圣基茨和尼维斯,1,27,23,0
12-12,所罗门群岛,0,17,5,0
12-12,马绍尔群岛,0,4,4,0
12-12,瓦努阿图,0,1,1,0
12-13,中国,121,95048,88638,4757
12-13,美国,220298,16549366,9644325,305082
12-13,印度,30254,9857029,9357464,143019
12-13,巴西,43900,6880127,6078287,181123
12-13,俄罗斯,27651,2629699,2086887,46404
12-13,法国,13947,2405255,181581,57671
12-13,英国,21555,1835952,3809,64123
12-13,意大利,19902,1825775,1076891,64036
12-13,西班牙,7053,1741439,196958,47624
12-13,阿根廷,5274,1494602,1330160,40668
12-13,哥伦比亚,8163,1417072,1310425,38866
12-13,德国,21792,1336101,976469,21921
12-13,墨西哥,12057,1241436,911965,113704
12-13,波兰,8976,1135676,858895,22864
12-13,伊朗,7451,1108269,812270,52196
12-13,秘鲁,1832,980943,916335,36544
12-13,土耳其,32106,955766,452593,15751
12-13,乌克兰,9605,918444,520912,15691
12-13,南非,7882,852965,760118,23106
12-13,荷兰,9979,623514,7838,10133
12-13,印度尼西亚,6189,617820,505836,18819
12-13,比利时,2807,605966,33687,17902
12-13,捷克,3657,579079,504666,9535
12-13,伊拉克,1012,574634,507446,12579
12-13,智利,2138,571919,544832,15886
12-13,罗马尼亚,4435,556335,457360,13385
12-13,孟加拉,1355,490533,420896,7052
12-13,加拿大,5984,458527,373898,13367
12-13,菲律宾,1069,449400,418687,8733
12-13,巴基斯坦,3369,438425,383000,8796
12-13,摩洛哥,3033,397597,353098,6589
12-13,瑞士,0,373831,291500,5984
12-13,沙特阿拉伯,139,359888,350549,6048
12-13,以色列,2981,356250,335820,2990
12-13,葡萄牙,4413,344700,268453,5461
12-13,奥地利,2641,322463,281106,4473
12-13,瑞典,0,320098,4917,7514
12-13,匈牙利,4153,280400,80752,6965
12-13,塞尔维亚,5679,261437,15913,2331
12-13,约旦,1816,257275,213344,3335
12-13,尼泊尔,830,248423,235731,1698
12-13,厄瓜多尔,759,201524,174188,13874
12-13,巴拿马,2806,190585,160641,3331
12-13,格鲁吉亚,2720,189726,158183,1790
12-13,哈萨克斯坦,956,185513,156848,2552
12-13,阿联酋,1154,183755,163048,609
12-13,日本,2392,180599,149130,2480
12-13,保加利亚,1287,178952,81757,5626
12-13,克罗地亚,3363,175886,148211,2640
12-13,阿塞拜疆,4451,175874,111918,1922
12-13,白俄罗斯,1961,160295,138464,1263
12-13,多米尼加,1133,153585,119616,2360
12-13,哥斯达黎加,1132,150947,112622,1895
12-13,亚美尼亚,1013,148325,125169,2486
12-13,玻利维亚,333,147030,126092,9014
12-13,科威特,429,146218,142094,911
12-13,黎巴嫩,1540,145245,98584,1190
12-13,卡塔尔,134,140961,138490,240
12-13,斯洛伐克,5897,132984,97068,1175
12-13,危地马拉,558,129099,117615,4405
12-13,阿曼,571,126240,118048,1471
12-13,摩尔多瓦,1459,125723,107733,2547
12-13,希腊,1194,123842,23074,3540
12-13,埃及,478,121089,104710,6898
12-13,埃塞俄比亚,515,116297,92449,1803
12-13,洪都拉斯,335,114043,51410,2974
12-13,突尼斯,1289,110393,84218,3836
12-13,丹麦,6197,110305,79918,941
12-13,巴勒斯坦,1639,109738,85110,978
12-13,缅甸,1127,108342,86795,2268
12-13,委内瑞拉,462,107177,102289,949
12-13,波黑,1574,101117,65758,3336
12-13,斯洛文尼亚,833,96314,73377,2063
12-13,立陶宛,2849,93101,38893,815
12-13,巴拉圭,800,92913,65852,1937
12-13,阿尔及利亚,517,91638,60028,2584
12-13,肯尼亚,548,91526,72596,1586
12-13,利比亚,899,90779,60895,1299
12-13,巴林,145,88965,87025,348
12-13,马来西亚,1229,83475,69393,415
12-13,吉尔吉斯斯坦,297,77356,70192,1307
12-13,爱尔兰,249,75756,23364,2123
12-13,乌兹别克斯坦,145,74956,72243,612
12-13,北马其顿,981,73025,48726,2096
12-13,尼日利亚,617,72757,65850,1194
12-13,新加坡,7,58320,58197,29
12-13,加纳,195,52933,51676,327
12-13,阿富汗,298,48527,38250,1965
12-13,阿尔巴尼亚,879,47742,24520,989
12-13,韩国,1030,42766,31814,580
12-13,萨尔瓦多,231,41394,37667,1200
12-13,黑山,402,40948,29614,578
12-13,挪威,364,40803,17998,387
12-13,卢森堡,718,40755,31678,392
12-13,斯里兰卡,643,32650,23793,149
12-13,芬兰,360,30810,20000,453
12-13,澳大利亚,6,28031,25675,908
12-13,乌干达,1163,27532,9826,221
12-13,拉脱维亚,629,25675,1866,349
12-13,喀麦隆,56,25143,23851,443
12-13,科特迪瓦,21,21639,21261,133
12-13,苏丹,303,21147,12227,1344
12-13,赞比亚,57,18274,17388,367
12-13,爱沙尼亚,342,18055,11037,149
12-13,马达加斯加,114,17587,16992,259
12-13,塞内加尔,14,17075,16094,349
12-13,莫桑比克,132,16812,14795,140
12-13,纳米比亚,496,16269,14582,160
12-13,安哥拉,100,16161,8841,366
12-13,塞浦路斯,1151,14800,2057,77
12-13,刚果（金）,173,14342,12465,352
12-13,几内亚,22,13420,12657,79
12-13,马尔代夫,22,13348,12659,48
12-13,塔吉克斯坦,80,12704,12133,88
12-13,博茨瓦纳,0,12501,9940,37
12-13,牙买加,99,11608,7799,271
12-13,佛得角,40,11302,10922,110
12-13,津巴布韦,57,11219,9359,307
12-13,马耳他,52,11153,9169,169
12-13,毛里塔尼亚,279,10780,8022,222
12-13,海地,26,9491,8241,233
12-13,古巴,87,9354,8371,137
12-13,加蓬,30,9330,9182,63
12-13,乌拉圭,331,9180,6155,91
12-13,伯利兹,208,9173,4279,192
12-13,叙利亚,130,9041,4319,506
12-13,巴哈马,36,7659,6069,163
12-13,安道尔,52,7288,6629,78
12-13,特立尼达和多巴哥,12,6864,6126,122
12-13,斯威士兰,29,6714,6331,127
12-13,卢旺达,100,6528,5892,56
12-13,马拉维,8,6063,5491,186
12-13,刚果（布）,0,6049,4988,99
12-13,尼加拉瓜,0,5887,4225,162
12-13,圭亚那,40,5879,5044,154
12-13,吉布提,8,5725,5612,61
12-13,马里,72,5721,3566,189
12-13,冰岛,5,5557,5366,28
12-13,苏里南,1,5340,5221,117
12-13,赤道几内亚,2,5185,5058,85
12-13,中非共和国,9,4936,1924,63
12-13,索马里,0,4579,3529,121
12-13,泰国,17,4209,3923,60
12-13,布基纳法索,315,3894,2858,71
12-13,冈比亚,0,3779,3645,123
12-13,多哥,19,3221,2745,66
12-13,贝宁,0,3090,2972,44
12-13,几内亚比绍,0,2444,2337,44
12-13,塞拉利昂,2,2440,1850,75
12-13,莱索托,36,2250,1319,44
12-13,尼日尔,39,2199,1276,80
12-13,新西兰,4,2096,2015,25
12-13,也门,1,2083,1383,606
12-13,圣马力诺,24,1932,1575,51
12-13,乍得,6,1751,1603,102
12-13,利比里亚,0,1676,1358,83
12-13,列支敦士登公国,32,1514,1296,20
12-13,越南,2,1397,1241,35
12-13,蒙古,1,907,384,0
12-13,布隆迪,5,728,640,1
12-13,巴布亚新几内亚,36,720,601,8
12-13,钻石号邮轮,0,712,699,13
12-13,厄立特里亚,55,711,564,0
12-13,摩纳哥,9,668,596,3
12-13,科摩罗,11,628,606,7
12-13,毛里求斯,0,515,478,10
12-13,坦桑尼亚,0,509,183,21
12-13,不丹,1,437,400,0
12-13,柬埔寨,2,359,307,0
12-13,巴巴多斯,1,292,269,7
12-13,圣卢西亚,4,274,197,4
12-13,塞舌尔,0,187,182,0
12-13,文莱,0,152,147,3
12-13,安提瓜和巴布达,1,148,138,4
12-13,圣文森特和格林纳丁斯,0,94,81,0
12-13,多米尼克,2,87,81,0
12-13,斐济,0,44,35,2
12-13,格林纳达,0,43,41,0
12-13,老挝,0,41,33,0
12-13,马提尼克岛,5,37,0,1
12-13,东帝汶,0,31,30,0
12-13,梵蒂冈,0,27,15,0
12-13,圣基茨和尼维斯,1,27,23,0
12-13,所罗门群岛,0,17,5,0
12-13,马绍尔群岛,0,4,4,0
12-13,瓦努阿图,0,1,1,0
12-14,中国,102,95150,88711,4759
12-14,美国,187901,16737267,9724439,306459
12-14,印度,27071,9884100,9388159,143355
12-14,巴西,21825,6901952,6138349,181402
12-14,俄罗斯,26902,2656601,2105414,46846
12-14,法国,25357,2430612,182688,58015
12-14,英国,18538,1854490,4013,64267
12-14,意大利,17937,1843712,1093161,64520
12-14,土耳其,26919,1836728,1603780,16417
12-14,西班牙,7053,1741439,196958,47624
12-14,阿根廷,3558,1498160,1335317,40766
12-14,哥伦比亚,8702,1425774,1314836,39053
12-14,德国,14709,1350810,990707,22103
12-14,墨西哥,8608,1250044,918681,113953
12-14,波兰,4896,1140572,869155,22960
12-14,伊朗,7501,1115770,823231,52447
12-14,秘鲁,0,980943,918352,36677
12-14,乌克兰,6877,925321,526101,15792
12-14,南非,7999,860964,761011,23276
12-14,荷兰,8510,632024,7872,10168
12-14,印度尼西亚,5489,623309,510957,18956
12-14,比利时,2171,608137,33687,17951
12-14,捷克,2000,581079,505922,9609
12-14,伊拉克,1338,575972,509474,12603
12-14,智利,2138,571919,544832,15886
12-14,罗马尼亚,3252,559587,460780,13494
12-14,孟加拉,1799,492332,423845,7089
12-14,加拿大,5916,464443,378653,13451
12-14,菲律宾,1333,450733,418723,8757
12-14,巴基斯坦,2362,440787,384719,8832
12-14,摩洛哥,2012,399609,356023,6624
12-14,瑞士,10726,384557,308300,6060
12-14,沙特阿拉伯,139,359888,350792,6059
12-14,以色列,2043,358293,337599,3003
12-14,葡萄牙,4044,348744,271322,5559
12-14,奥地利,2588,325051,284174,4530
12-14,瑞典,0,320098,4917,7514
12-14,匈牙利,3470,283870,82546,7130
12-14,塞尔维亚,10674,266432,15913,2331
12-14,约旦,2339,259614,218467,3365
12-14,尼泊尔,821,249244,236573,1716
12-14,厄瓜多尔,586,202110,177951,13875
12-14,巴拿马,2422,193007,162105,3356
12-14,格鲁吉亚,1337,191063,161681,1839
12-14,哈萨克斯坦,764,186277,157701,2552
12-14,阿联酋,2286,186041,164349,618
12-14,日本,1289,181888,150791,2507
12-14,保加利亚,497,179449,83720,5688
12-14,克罗地亚,1472,177358,151884,2705
12-14,阿塞拜疆,4451,175874,111918,1922
12-14,白俄罗斯,1853,162148,139785,1273
12-14,多米尼加,1107,154692,120481,2361
12-14,哥斯达黎加,0,150947,112622,1895
12-14,亚美尼亚,357,148682,125966,2503
12-14,玻利维亚,120,147150,126221,9018
12-14,黎巴嫩,1275,146520,101334,1200
12-14,科威特,429,146218,142357,912
12-14,卡塔尔,134,140961,138490,240
12-14,斯洛伐克,505,133489,98585,1205
12-14,危地马拉,741,129282,117923,4423
12-14,摩尔多瓦,2254,126518,108901,2572
12-14,阿曼,264,126504,118287,1472
12-14,希腊,692,124534,23074,3625
12-14,埃及,486,121575,104875,6920
12-14,埃塞俄比亚,472,116769,93890,1806
12-14,洪都拉斯,316,114359,51478,2975
12-14,突尼斯,968,111361,84741,3894
12-14,巴勒斯坦,1364,111102,87057,1000
12-14,丹麦,6197,110305,81088,950
12-14,缅甸,1127,108342,86795,2268
12-14,委内瑞拉,609,107786,102289,954
12-14,波黑,1574,101117,65758,3336
12-14,斯洛文尼亚,431,96745,73760,2107
12-14,立陶宛,1920,95021,38957,825
12-14,巴拉圭,669,93582,66543,1953
12-14,阿尔及利亚,464,92102,60457,2596
12-14,肯尼亚,366,91892,73028,1587
12-14,利比亚,578,91357,61453,1314
12-14,巴林,178,89143,87182,348
12-14,马来西亚,1371,84846,70597,419
12-14,吉尔吉斯斯坦,318,77674,70450,1312
12-14,爱尔兰,429,76185,23364,2124
12-14,乌兹别克斯坦,138,75094,72368,612
12-14,北马其顿,613,73638,49414,2121
12-14,尼日利亚,418,73175,66090,1197
12-14,新加坡,5,58325,58208,29
12-14,加纳,81,53014,51761,327
12-14,阿富汗,191,48718,38252,1969
12-14,阿尔巴尼亚,788,48530,24820,1003
12-14,韩国,718,43484,32102,587
12-14,萨尔瓦多,486,41880,38087,1205
12-14,黑山,478,41426,30493,582
12-14,挪威,200,41003,17998,387
12-14,卢森堡,0,40755,31678,392
12-14,斯里兰卡,140,32790,24309,152
12-14,芬兰,300,31110,20000,461
12-14,澳大利亚,8,28039,25684,908
12-14,乌干达,1163,27532,9826,221
12-14,拉脱维亚,210,25885,16869,352
12-14,喀麦隆,56,25143,23851,443
12-14,科特迪瓦,41,21680,21298,133
12-14,苏丹,239,21386,12313,1347
12-14,爱沙尼亚,330,18385,11121,154
12-14,赞比亚,48,18322,17409,367
12-14,马达加斯加,0,17587,16992,259
12-14,塞内加尔,71,17146,16159,350
12-14,莫桑比克,142,16954,14818,142
12-14,纳米比亚,267,16536,14684,160
12-14,安哥拉,27,16188,8898,371
12-14,塞浦路斯,301,15101,2057,78
12-14,刚果（金）,119,14461,12465,352
12-14,几内亚,11,13431,12667,79
12-14,马尔代夫,20,13368,12706,48
12-14,塔吉克斯坦,80,12704,12172,88
12-14,博茨瓦纳,0,12501,9940,37
12-14,牙买加,201,11710,7954,273
12-14,佛得角,55,11357,10962,110
12-14,马耳他,101,11254,9319,174
12-14,津巴布韦,27,11246,9451,307
12-14,毛里塔尼亚,191,10971,8076,225
12-14,乌拉圭,528,9708,6358,92
12-14,海地,26,9491,8241,233
12-14,古巴,69,9423,8434,137
12-14,加蓬,0,9330,9182,63
12-14,伯利兹,122,9295,4321,195
12-14,叙利亚,125,9166,4376,518
12-14,巴哈马,15,7674,6070,163
12-14,安道尔,50,7338,6629,79
12-14,特立尼达和多巴哥,15,6879,6145,122
12-14,斯威士兰,54,6768,6379,127
12-14,卢旺达,131,6659,5955,56
12-14,马拉维,3,6066,5491,187
12-14,刚果（布）,0,6049,4988,99
12-14,圭亚那,41,5920,5073,155
12-14,尼加拉瓜,0,5887,4225,162
12-14,马里,93,5814,3591,194
12-14,吉布提,3,5728,5618,61
12-14,冰岛,7,5564,5392,28
12-14,苏里南,13,5353,5224,117
12-14,赤道几内亚,0,5185,5058,85
12-14,中非共和国,0,4936,1924,63
12-14,索马里,0,4579,3529,121
12-14,泰国,28,4237,3940,60
12-14,布基纳法索,136,4030,2910,71
12-14,冈比亚,3,3782,3647,123
12-14,多哥,30,3251,2771,66
12-14,贝宁,0,3090,2972,44
12-14,几内亚比绍,0,2444,2337,44
12-14,塞拉利昂,2,2440,1850,75
12-14,尼日尔,59,2258,1292,80
12-14,莱索托,0,2250,1319,44
12-14,新西兰,4,2096,2015,25
12-14,也门,1,2083,1383,606
12-14,圣马力诺,0,1932,1575,51
12-14,乍得,19,1770,1607,102
12-14,利比里亚,0,1676,1358,83
12-14,列支敦士登公国,52,1566,1351,20
12-14,越南,5,1402,1246,35
12-14,蒙古,5,912,384,0
12-14,布隆迪,1,729,640,1
12-14,巴布亚新几内亚,5,725,601,8
12-14,钻石号邮轮,0,712,699,13
12-14,厄立特里亚,55,711,564,0
12-14,摩纳哥,9,668,597,3
12-14,科摩罗,11,628,606,7
12-14,毛里求斯,0,515,478,10
12-14,坦桑尼亚,0,509,183,21
12-14,不丹,1,438,403,0
12-14,柬埔寨,2,359,309,0
12-14,巴巴多斯,0,292,269,7
12-14,圣卢西亚,1,275,203,4
12-14,塞舌尔,0,187,182,0
12-14,文莱,0,152,147,3
12-14,安提瓜和巴布达,1,148,138,5
12-14,圣文森特和格林纳丁斯,4,98,81,0
12-14,多米尼克,1,88,83,0
12-14,格林纳达,26,69,41,0
12-14,斐济,2,46,38,2
12-14,老挝,0,41,34,0
12-14,马提尼克岛,5,37,0,1
12-14,东帝汶,0,31,30,0
12-14,圣基茨和尼维斯,0,27,23,0
12-14,梵蒂冈,0,27,15,0
12-14,所罗门群岛,0,17,5,0
12-14,马绍尔群岛,0,4,4,0
12-14,瓦努阿图,0,1,1,0
12-15,中国,17,95167,88730,4761
12-15,美国,198647,16942822,9871663,308089
12-15,印度,22065,9906165,9422636,143709
12-15,巴西,25193,6927145,6158049,181835
12-15,俄罗斯,26265,2682866,2129806,47410
12-15,法国,3247,2433859,183340,58391
12-15,英国,20377,1874867,4048,64500
12-15,土耳其,29617,1866345,1631944,16646
12-15,意大利,12025,1855737,1115617,65011
12-15,西班牙,7967,1762036,196958,48013
12-15,阿根廷,5062,1503222,1340120,41041
12-15,哥伦比亚,8742,1434516,1321469,39195
12-15,德国,8437,1359247,1012077,22637
12-15,墨西哥,5930,1255974,927754,114298
12-15,波兰,4896,1140572,879748,22960
12-15,伊朗,7501,1115770,823231,52447
12-15,秘鲁,4030,984973,918352,36677
12-15,乌克兰,8840,934161,542672,16038
12-15,南非,5163,866127,762746,23451
12-15,荷兰,61,632085,7944,10168
12-15,印度尼西亚,6120,629429,516656,19111
12-15,比利时,1074,609211,33687,18054
12-15,捷克,5172,586251,511798,9743
12-15,伊拉克,1338,575972,509474,12603
12-15,智利,1911,573830,546538,15931
12-15,罗马尼亚,3252,559587,460780,13494
12-15,孟加拉,1799,492332,423845,7089
12-15,加拿大,7617,472820,385021,13570
12-15,菲律宾,1106,451839,418867,8812
12-15,巴基斯坦,2459,443246,386333,8905
12-15,摩洛哥,1217,400826,359065,6659
12-15,瑞士,10726,384557,308300,6154
12-15,以色列,2004,360297,338642,3014
12-15,沙特阿拉伯,125,360013,350792,6059
12-15,葡萄牙,2194,350938,274277,5649
12-15,奥地利,2588,325051,284174,4530
12-15,瑞典,0,320098,4917,7514
12-15,匈牙利,1893,285763,83115,7237
12-15,塞尔维亚,4932,271364,15913,2380
12-15,约旦,2863,262477,222654,3407
12-15,尼泊尔,821,249244,236573,1716
12-15,厄瓜多尔,70,202180,177951,13875
12-15,格鲁吉亚,3837,194900,164786,1883
12-15,巴拿马,1612,194619,163334,3382
12-15,哈萨克斯坦,683,186960,158705,2554
12-15,阿联酋,2286,186041,164349,618
12-15,日本,1729,184007,150791,2556
12-15,保加利亚,2095,181544,85578,5838
12-15,阿塞拜疆,3112,178986,114841,1966
12-15,克罗地亚,1472,177358,151884,2705
12-15,白俄罗斯,1853,162148,139785,1273
12-15,多米尼加,492,155184,121007,2364
12-15,哥斯达黎加,2222,153169,118511,1936
12-15,亚美尼亚,438,149120,127452,2529
12-15,黎巴嫩,1093,147613,103057,1210
12-15,玻利维亚,195,147345,126439,9024
12-15,科威特,231,146449,142357,912
12-15,卡塔尔,160,141121,138719,241
12-15,斯洛伐克,2034,135523,100303,1251
12-15,危地马拉,123,129405,118217,4445
12-15,摩尔多瓦,735,127253,110179,2598
12-15,阿曼,215,126719,118505,1475
12-15,希腊,639,125173,23074,3687
12-15,埃及,511,122086,105132,6943
12-15,埃塞俄比亚,473,117242,95225,1809
12-15,洪都拉斯,283,114642,51688,2989
12-15,丹麦,3337,113642,81088,950
12-15,突尼斯,968,111361,84741,3894
12-15,巴勒斯坦,1364,111102,87057,1000
12-15,缅甸,1170,109512,88131,2292
12-15,委内瑞拉,339,108125,103037,960
12-15,波黑,344,101461,66486,3391
12-15,斯洛文尼亚,431,96745,73760,2107
12-15,立陶宛,1431,96452,41665,863
12-15,巴拉圭,641,94223,67242,1971
12-15,阿尔及利亚,495,92597,60888,2609
12-15,肯尼亚,163,92055,73452,1593
12-15,利比亚,578,91357,61453,1314
12-15,巴林,125,89268,87332,348
12-15,马来西亚,1371,84846,70597,419
12-15,吉尔吉斯斯坦,236,77910,70867,1316
12-15,爱尔兰,264,76449,23364,2126
12-15,乌兹别克斯坦,147,75241,72522,612
12-15,北马其顿,213,73851,50046,2147
12-15,尼日利亚,199,73374,66314,1197
12-15,新加坡,16,58341,58210,29
12-15,加纳,81,53014,51761,327
12-15,阿尔巴尼亚,661,49191,24820,1016
12-15,阿富汗,234,48952,38336,1995
12-15,韩国,880,44364,32559,600
12-15,萨尔瓦多,252,42132,38260,1212
12-15,卢森堡,1145,41900,33367,410
12-15,黑山,377,41803,31138,585
12-15,挪威,331,41334,17998,393
12-15,斯里兰卡,332,33478,24309,154
12-15,芬兰,300,31110,20000,461
12-15,澳大利亚,9,28048,25689,908
12-15,乌干达,234,27766,9921,224
12-15,拉脱维亚,210,25885,16869,352
12-15,喀麦隆,71,25214,23851,443
12-15,科特迪瓦,25,21705,21318,133
12-15,苏丹,205,21591,12452,1355
12-15,爱沙尼亚,297,18682,11669,157
12-15,赞比亚,48,18322,17409,367
12-15,马达加斯加,0,17587,16992,259
12-15,塞内加尔,71,17146,16159,350
12-15,莫桑比克,48,17002,15006,143
12-15,纳米比亚,457,16726,14837,163
12-15,安哥拉,89,16277,8924,372
12-15,塞浦路斯,349,15450,2057,82
12-15,刚果（金）,52,14513,12653,356
12-15,几内亚,26,13457,12713,80
12-15,马尔代夫,11,13379,12731,48
12-15,博茨瓦纳,372,12873,10456,38
12-15,塔吉克斯坦,37,12741,12172,88
12-15,牙买加,82,11792,8098,273
12-15,佛得角,4,11361,11036,110
12-15,津巴布韦,112,11358,9554,309
12-15,马耳他,101,11254,9319,174
12-15,毛里塔尼亚,164,11135,8118,228
12-15,乌拉圭,321,10029,6593,95
12-15,海地,97,9588,8280,234
12-15,古巴,69,9492,8484,137
12-15,伯利兹,82,9377,4414,197
12-15,加蓬,21,9351,9204,63
12-15,叙利亚,136,9302,4432,530
12-15,巴哈马,15,7674,6070,163
12-15,安道尔,44,7382,6706,79
12-15,特立尼达和多巴哥,6,6885,6180,123
12-15,斯威士兰,57,6825,6416,130
12-15,卢旺达,88,6747,5996,56
12-15,刚果（布）,151,6200,4988,100
12-15,马拉维,4,6070,5491,187
12-15,圭亚那,23,5943,5077,156
12-15,尼加拉瓜,0,5887,4225,162
12-15,马里,22,5836,3630,201
12-15,吉布提,5,5733,5622,61
12-15,冰岛,7,5564,5392,28
12-15,苏里南,6,5359,5227,117
12-15,赤道几内亚,0,5185,5058,85
12-15,中非共和国,0,4936,1924,63
12-15,索马里,0,4579,3529,121
12-15,泰国,9,4246,3949,60
12-15,布基纳法索,179,4209,2940,71
12-15,冈比亚,3,3782,3647,123
12-15,多哥,15,3266,2789,66
12-15,贝宁,0,3090,2972,44
12-15,塞拉利昂,5,2445,1851,75
12-15,几内亚比绍,0,2444,2337,44
12-15,尼日尔,64,2322,1294,82
12-15,莱索托,27,2277,1340,44
12-15,新西兰,0,2096,2015,25
12-15,也门,1,2084,1384,606
12-15,圣马力诺,2,1934,1608,51
12-15,乍得,1,1771,1608,102
12-15,利比里亚,0,1676,1358,83
12-15,列支敦士登公国,52,1566,1351,20
12-15,越南,5,1402,1246,35
12-15,蒙古,5,917,384,0
12-15,布隆迪,1,729,640,1
12-15,巴布亚新几内亚,5,725,601,8
12-15,钻石号邮轮,0,712,699,13
12-15,厄立特里亚,0,711,564,0
12-15,摩纳哥,3,671,605,3
12-15,科摩罗,0,628,606,7
12-15,毛里求斯,8,523,489,10
12-15,坦桑尼亚,0,509,183,21
12-15,不丹,1,438,404,0
12-15,柬埔寨,3,362,312,0
12-15,巴巴多斯,4,296,272,7
12-15,圣卢西亚,3,278,240,4
12-15,塞舌尔,0,187,182,0
12-15,文莱,0,152,147,3
12-15,安提瓜和巴布达,0,148,138,5
12-15,圣文森特和格林纳丁斯,4,98,81,0
12-15,多米尼克,1,88,83,0
12-15,格林纳达,26,69,41,0
12-15,斐济,2,46,38,2
12-15,老挝,0,41,34,0
12-15,马提尼克岛,5,37,0,1
12-15,东帝汶,0,31,30,0
12-15,圣基茨和尼维斯,1,28,23,0
12-15,梵蒂冈,0,27,15,0
12-15,所罗门群岛,0,17,5,0
12-15,马绍尔群岛,0,4,4,0
12-15,瓦努阿图,0,1,1,0
